{
  "config": {
    "geometry": "notch",
    "wire_length": 8.0,
    "wire_width": 2.0,
    "notch_depth": 0.4,
    "notch_width": 1.0,
    "n_notches": 2,
    "applied_field": 0.1
  },
  "Ic_plus": 0.007211864406779662,
  "Ic_minus": 0.006372881355932204,
  "delta_Ic": 0.0008389830508474579,
  "diode_efficiency": 0.06175920149719278,
  "diagnostics_plus": {
    "I": [
      0.0005,
      0.0013389830508474577,
      0.0021779661016949154,
      0.003016949152542373,
      0.003855932203389831,
      0.004694915254237288,
      0.005533898305084746,
      0.006372881355932204,
      0.007211864406779662,
      0.00805084745762712,
      0.008889830508474578,
      0.009728813559322036,
      0.010567796610169492,
      0.01140677966101695,
      0.012245762711864408,
      0.013084745762711866,
      0.013923728813559324,
      0.014762711864406782,
      0.01560169491525424,
      0.016440677966101696,
      0.017279661016949156,
      0.018118644067796612,
      0.01895762711864407,
      0.019796610169491528,
      0.020635593220338984,
      0.021474576271186444,
      0.0223135593220339,
      0.02315254237288136,
      0.023991525423728816,
      0.024830508474576275,
      0.02566949152542373,
      0.02650847457627119,
      0.027347457627118647,
      0.028186440677966104,
      0.029025423728813563,
      0.02986440677966102,
      0.03070338983050848,
      0.03154237288135593,
      0.03238135593220339,
      0.03322033898305085,
      0.03405932203389831,
      0.034898305084745763,
      0.03573728813559322,
      0.03657627118644068,
      0.03741525423728814,
      0.038254237288135595,
      0.039093220338983055,
      0.039932203389830515,
      0.04077118644067797,
      0.04161016949152543,
      0.04244915254237289,
      0.043288135593220346,
      0.0441271186440678,
      0.04496610169491526,
      0.04580508474576272,
      0.04664406779661018,
      0.04748305084745763,
      0.04832203389830509,
      0.04916101694915255,
      0.05
    ],
    "V": [
      6.316330681695211e-05,
      0.00016564840042711238,
      0.00021772184604390647,
      0.00025841164565349573,
      0.00035615384065355453,
      0.0004855328670074585,
      0.0005347551351624341,
      0.0005859037712192482,
      0.0006550658800841929,
      0.000742131657025969,
      0.0008150803601322546,
      0.0007609558024700296,
      0.0009262549154777151,
      0.0008697388356253604,
      0.001020153063126387,
      0.0010851492864910098,
      0.001178722567964832,
      0.0012579376774366018,
      0.0013045033167357332,
      0.0013548110986795034,
      0.0013855011206976308,
      0.0015322159801266105,
      0.0015943424550234218,
      0.001612261262265038,
      0.0017622905528791868,
      0.0018051457183514408,
      0.001810256971304445,
      0.0019313367336517885,
      0.001964227030666341,
      0.002071268380709184,
      0.0020905840383298375,
      0.0022133738068628663,
      0.002254156628908009,
      0.002340789420940858,
      0.002365126536342044,
      0.002495912548085305,
      0.002586225968556588,
      0.0025823398979039486,
      0.002688492465749269,
      0.002760368799257701,
      0.002844894035716353,
      0.002867302612396446,
      0.002982234927809428,
      0.003037854609487724,
      0.0030927993565673705,
      0.0031336502939533664,
      0.0032244073881601554,
      0.0033318379058676077,
      0.003280870711175616,
      0.003452983336294525,
      0.0034775914748000933,
      0.003541556278346303,
      0.003654775997006963,
      0.0036979628037034458,
      0.0037346447678078985,
      0.0037911511064709653,
      0.00392470498385132,
      0.00397842053530558,
      0.004035790487390097,
      0.004129095410243653
    ],
    "snapshot_path": "outputs_diode\\notch_depth_0.400\\snapshot_Ic_plus.h5"
  },
  "diagnostics_minus": {
    "I": [
      0.0005,
      0.0013389830508474577,
      0.0021779661016949154,
      0.003016949152542373,
      0.003855932203389831,
      0.004694915254237288,
      0.005533898305084746,
      0.006372881355932204,
      0.007211864406779662,
      0.00805084745762712,
      0.008889830508474578,
      0.009728813559322036,
      0.010567796610169492,
      0.01140677966101695,
      0.012245762711864408,
      0.013084745762711866,
      0.013923728813559324,
      0.014762711864406782,
      0.01560169491525424,
      0.016440677966101696,
      0.017279661016949156,
      0.018118644067796612,
      0.01895762711864407,
      0.019796610169491528,
      0.020635593220338984,
      0.021474576271186444,
      0.0223135593220339,
      0.02315254237288136,
      0.023991525423728816,
      0.024830508474576275,
      0.02566949152542373,
      0.02650847457627119,
      0.027347457627118647,
      0.028186440677966104,
      0.029025423728813563,
      0.02986440677966102,
      0.03070338983050848,
      0.03154237288135593,
      0.03238135593220339,
      0.03322033898305085,
      0.03405932203389831,
      0.034898305084745763,
      0.03573728813559322,
      0.03657627118644068,
      0.03741525423728814,
      0.038254237288135595,
      0.039093220338983055,
      0.039932203389830515,
      0.04077118644067797,
      0.04161016949152543,
      0.04244915254237289,
      0.043288135593220346,
      0.0441271186440678,
      0.04496610169491526,
      0.04580508474576272,
      0.04664406779661018,
      0.04748305084745763,
      0.04832203389830509,
      0.04916101694915255,
      0.05
    ],
    "V": [
      4.273776046077165e-05,
      7.42769899651191e-05,
      0.00011996945153300757,
      0.00021243021646481962,
      0.00021741452988335738,
      0.00034203280441422515,
      0.0003881075067655293,
      0.0004324314558006249,
      0.00049435647404923,
      0.0005827411003019865,
      0.0006790560747986063,
      0.0007131048836554232,
      0.0007880194216947538,
      0.000907116686345299,
      0.000909557556153275,
      0.0009904498584480726,
      0.0010229280204305672,
      0.0011428764499240157,
      0.0012111815311197035,
      0.001308177640640128,
      0.0013623745082840472,
      0.0014642827551698252,
      0.0014968204722217184,
      0.0015509723011215154,
      0.0016196745466834667,
      0.0016751729856474718,
      0.0017309154952894472,
      0.0017217386576538353,
      0.0018623356667649474,
      0.0019954553427246305,
      0.002018157262440735,
      0.002150314177142271,
      0.0021833973512649803,
      0.002220256325978867,
      0.002265634790147998,
      0.00236353896376806,
      0.002416080654862768,
      0.002430968344115836,
      0.0025735163476105103,
      0.0026286846665894543,
      0.0027081965865659264,
      0.0027715308211510607,
      0.0028432483447220595,
      0.0029686234613690763,
      0.0029672923551302788,
      0.0030758167551910424,
      0.003139784214418524,
      0.003166051706693328,
      0.0032833243343360114,
      0.0032886155124259367,
      0.003384979703100304,
      0.003451576445484291,
      0.0035521335066080054,
      0.0035597333303932412,
      0.0036738896449146213,
      0.003728333440361685,
      0.0038131657777040755,
      0.0038737442025312614,
      0.003958376771694328,
      0.00398700962173291
    ],
    "snapshot_path": "outputs_diode\\notch_depth_0.400\\snapshot_Ic_minus.h5"
  }
}