{
  "config": {
    "geometry": "notch",
    "wire_length": 8.0,
    "wire_width": 2.0,
    "notch_depth": 0.6,
    "notch_width": 1.0,
    "n_notches": 2,
    "applied_field": 0.1
  },
  "Ic_plus": 0.003016949152542373,
  "Ic_minus": 0.01140677966101695,
  "delta_Ic": -0.008389830508474578,
  "diode_efficiency": -0.5816686251468861,
  "diagnostics_plus": {
    "I": [
      0.0005,
      0.0013389830508474577,
      0.0021779661016949154,
      0.003016949152542373,
      0.003855932203389831,
      0.004694915254237288,
      0.005533898305084746,
      0.006372881355932204,
      0.007211864406779662,
      0.00805084745762712,
      0.008889830508474578,
      0.009728813559322036,
      0.010567796610169492,
      0.01140677966101695,
      0.012245762711864408,
      0.013084745762711866,
      0.013923728813559324,
      0.014762711864406782,
      0.01560169491525424,
      0.016440677966101696,
      0.017279661016949156,
      0.018118644067796612,
      0.01895762711864407,
      0.019796610169491528,
      0.020635593220338984,
      0.021474576271186444,
      0.0223135593220339,
      0.02315254237288136,
      0.023991525423728816,
      0.024830508474576275,
      0.02566949152542373,
      0.02650847457627119,
      0.027347457627118647,
      0.028186440677966104,
      0.029025423728813563,
      0.02986440677966102,
      0.03070338983050848,
      0.03154237288135593,
      0.03238135593220339,
      0.03322033898305085,
      0.03405932203389831,
      0.034898305084745763,
      0.03573728813559322,
      0.03657627118644068,
      0.03741525423728814,
      0.038254237288135595,
      0.039093220338983055,
      0.039932203389830515,
      0.04077118644067797,
      0.04161016949152543,
      0.04244915254237289,
      0.043288135593220346,
      0.0441271186440678,
      0.04496610169491526,
      0.04580508474576272,
      0.04664406779661018,
      0.04748305084745763,
      0.04832203389830509,
      0.04916101694915255,
      0.05
    ],
    "V": [
      1.934393518471077e-05,
      8.438073049992283e-05,
      0.00016019726315615867,
      0.00023628279777644222,
      0.00030137467290701297,
      0.0002904951832595935,
      0.00042585496803819673,
      0.00046651952770665223,
      0.0005504259639476651,
      0.0005699022742095715,
      0.0006591894139574666,
      0.0007201060870612056,
      0.0008119971527252838,
      0.0008521534152711003,
      0.0009564031672028166,
      0.001021519894477066,
      0.001071679286200406,
      0.0011432451051076058,
      0.0011722258145180923,
      0.0012082535972876378,
      0.0013186394600183482,
      0.0014343556847812423,
      0.001474287697230906,
      0.0015103813362590916,
      0.0015786398056564037,
      0.0016776874772195486,
      0.0017076463105425888,
      0.0017520749554048815,
      0.0018544978555503453,
      0.0018821087237168499,
      0.002005774680590625,
      0.002012795448432516,
      0.002089339558959845,
      0.002161051716055089,
      0.0022747063573864187,
      0.002272300883733283,
      0.002384606054727734,
      0.0024711366189850053,
      0.0025195362882545784,
      0.002589184786328767,
      0.0025932182519268674,
      0.002711401001503976,
      0.0027695757854175594,
      0.0028406889230695835,
      0.002901332601557481,
      0.0029789790259091994,
      0.003041870690648053,
      0.0031317619203429267,
      0.003132136710120679,
      0.003260623111276088,
      0.003298066564890859,
      0.003340597492454514,
      0.00343951452096794,
      0.0034922365878510666,
      0.003563223782873582,
      0.0036306390241733245,
      0.0037105750503499983,
      0.0037454628882353214,
      0.0038295334832803675,
      0.0038968096768318187
    ],
    "snapshot_path": "outputs_diode\\notch_depth_0.600\\snapshot_Ic_plus.h5"
  },
  "diagnostics_minus": {
    "I": [
      0.0005,
      0.0013389830508474577,
      0.0021779661016949154,
      0.003016949152542373,
      0.003855932203389831,
      0.004694915254237288,
      0.005533898305084746,
      0.006372881355932204,
      0.007211864406779662,
      0.00805084745762712,
      0.008889830508474578,
      0.009728813559322036,
      0.010567796610169492,
      0.01140677966101695,
      0.012245762711864408,
      0.013084745762711866,
      0.013923728813559324,
      0.014762711864406782,
      0.01560169491525424,
      0.016440677966101696,
      0.017279661016949156,
      0.018118644067796612,
      0.01895762711864407,
      0.019796610169491528,
      0.020635593220338984,
      0.021474576271186444,
      0.0223135593220339,
      0.02315254237288136,
      0.023991525423728816,
      0.024830508474576275,
      0.02566949152542373,
      0.02650847457627119,
      0.027347457627118647,
      0.028186440677966104,
      0.029025423728813563,
      0.02986440677966102,
      0.03070338983050848,
      0.03154237288135593,
      0.03238135593220339,
      0.03322033898305085,
      0.03405932203389831,
      0.034898305084745763,
      0.03573728813559322,
      0.03657627118644068,
      0.03741525423728814,
      0.038254237288135595,
      0.039093220338983055,
      0.039932203389830515,
      0.04077118644067797,
      0.04161016949152543,
      0.04244915254237289,
      0.043288135593220346,
      0.0441271186440678,
      0.04496610169491526,
      0.04580508474576272,
      0.04664406779661018,
      0.04748305084745763,
      0.04832203389830509,
      0.04916101694915255,
      0.05
    ],
    "V": [
      9.252678110133678e-05,
      7.971454767883547e-05,
      0.00019624670276940494,
      0.00025745048516774094,
      0.00030570247518411654,
      0.00040830408783975247,
      0.00044197262742433477,
      0.0004963602920468056,
      0.000557209274327282,
      0.0006865936131070396,
      0.0006515447655928103,
      0.0008226990008990792,
      0.0008383585009203735,
      0.0009447812836030506,
      0.0009624779237485794,
      0.0010124395525474544,
      0.00108621817250158,
      0.0011554501852107234,
      0.0012121659600823167,
      0.001302133692410929,
      0.0013644809847382432,
      0.001462466672171297,
      0.0014975480619438377,
      0.0015576425977845579,
      0.001628303010919555,
      0.0016903416930414694,
      0.001772432917625675,
      0.0018472470412822723,
      0.0018825618326494768,
      0.001972879917313008,
      0.0020432674833377627,
      0.0020911374494145475,
      0.002153188725752535,
      0.0022182414773507177,
      0.002295507312482384,
      0.0023477730570673483,
      0.002411200186281724,
      0.002499781401081444,
      0.0026214719079640774,
      0.0026181439545977275,
      0.002723477986990854,
      0.002718512893490526,
      0.002800812607824676,
      0.0028731867577439173,
      0.002937393938726908,
      0.003006326728116927,
      0.003096869285794167,
      0.00317253166863724,
      0.0031862106392023517,
      0.0032529288682956355,
      0.0033596269952085762,
      0.0034325496604045167,
      0.0034483932609931257,
      0.003530156260384624,
      0.003597382881551581,
      0.0036551319015494152,
      0.0037410334662353194,
      0.0037872635139488886,
      0.003850328105058612,
      0.003932952932338953
    ],
    "snapshot_path": "outputs_diode\\notch_depth_0.600\\snapshot_Ic_minus.h5"
  }
}