{
  "config": {
    "geometry": "notch",
    "wire_length": 8.0,
    "wire_width": 2.0,
    "notch_depth": 1.0,
    "notch_width": 1.0,
    "n_notches": 2,
    "applied_field": 0.06
  },
  "Ic_plus": 0.00805084745762712,
  "Ic_minus": 0.0021779661016949154,
  "delta_Ic": 0.005872881355932205,
  "diode_efficiency": 0.5741507870753936,
  "diagnostics_plus": {
    "I": [
      0.0005,
      0.0013389830508474577,
      0.0021779661016949154,
      0.003016949152542373,
      0.003855932203389831,
      0.004694915254237288,
      0.005533898305084746,
      0.006372881355932204,
      0.007211864406779662,
      0.00805084745762712,
      0.008889830508474578,
      0.009728813559322036,
      0.010567796610169492,
      0.01140677966101695,
      0.012245762711864408,
      0.013084745762711866,
      0.013923728813559324,
      0.014762711864406782,
      0.01560169491525424,
      0.016440677966101696,
      0.017279661016949156,
      0.018118644067796612,
      0.01895762711864407,
      0.019796610169491528,
      0.020635593220338984,
      0.021474576271186444,
      0.0223135593220339,
      0.02315254237288136,
      0.023991525423728816,
      0.024830508474576275,
      0.02566949152542373,
      0.02650847457627119,
      0.027347457627118647,
      0.028186440677966104,
      0.029025423728813563,
      0.02986440677966102,
      0.03070338983050848,
      0.03154237288135593,
      0.03238135593220339,
      0.03322033898305085,
      0.03405932203389831,
      0.034898305084745763,
      0.03573728813559322,
      0.03657627118644068,
      0.03741525423728814,
      0.038254237288135595,
      0.039093220338983055,
      0.039932203389830515,
      0.04077118644067797,
      0.04161016949152543,
      0.04244915254237289,
      0.043288135593220346,
      0.0441271186440678,
      0.04496610169491526,
      0.04580508474576272,
      0.04664406779661018,
      0.04748305084745763,
      0.04832203389830509,
      0.04916101694915255,
      0.05
    ],
    "V": [
      5.794783727335462e-05,
      0.00015838121348734241,
      0.0003012750310406367,
      0.00023093430630779336,
      0.00027970368388922,
      0.0004922201814117634,
      0.0003962069043750628,
      0.0005405764985118245,
      0.0005671794267896797,
      0.0009123279714207002,
      0.0007847476621339158,
      0.0008136432487597398,
      0.0009705996070310194,
      0.0010428570846864498,
      0.0009379796072190408,
      0.0009813590968809043,
      0.0010602551957319154,
      0.0013116323442352213,
      0.0012895797403418873,
      0.001351471300831043,
      0.0014492090690964255,
      0.0015531105303586957,
      0.0016698472486100504,
      0.0016919082375934761,
      0.001885798446524914,
      0.0018456632299769986,
      0.0019029869146182325,
      0.0019713993274888234,
      0.0020932709775185925,
      0.002166679506796421,
      0.002182017219316388,
      0.0023984827345368475,
      0.0025285687479672894,
      0.0025526142803122243,
      0.0025425267800412025,
      0.0025366117727144318,
      0.002651278700215462,
      0.0027254583200143167,
      0.0028984592323297908,
      0.0029265724628164762,
      0.002983979958402185,
      0.002852164323190185,
      0.0031401228455818033,
      0.0032742186215905717,
      0.0031996629756026475,
      0.0032435185513650347,
      0.003438518224492781,
      0.003616909364466415,
      0.0034794705721632254,
      0.003638725072594524,
      0.003695156056161498,
      0.003723606795089098,
      0.003916091683354029,
      0.0038218867336599054,
      0.004099002037608665,
      0.004067673168782102,
      0.004000097777960537,
      0.004193875121555372,
      0.004314930145911128,
      0.004375612081156993
    ],
    "snapshot_path": "outputs_diode\\applied_field_0.060\\snapshot_Ic_plus.h5"
  },
  "diagnostics_minus": {
    "I": [
      0.0005,
      0.0013389830508474577,
      0.0021779661016949154,
      0.003016949152542373,
      0.003855932203389831,
      0.004694915254237288,
      0.005533898305084746,
      0.006372881355932204,
      0.007211864406779662,
      0.00805084745762712,
      0.008889830508474578,
      0.009728813559322036,
      0.010567796610169492,
      0.01140677966101695,
      0.012245762711864408,
      0.013084745762711866,
      0.013923728813559324,
      0.014762711864406782,
      0.01560169491525424,
      0.016440677966101696,
      0.017279661016949156,
      0.018118644067796612,
      0.01895762711864407,
      0.019796610169491528,
      0.020635593220338984,
      0.021474576271186444,
      0.0223135593220339,
      0.02315254237288136,
      0.023991525423728816,
      0.024830508474576275,
      0.02566949152542373,
      0.02650847457627119,
      0.027347457627118647,
      0.028186440677966104,
      0.029025423728813563,
      0.02986440677966102,
      0.03070338983050848,
      0.03154237288135593,
      0.03238135593220339,
      0.03322033898305085,
      0.03405932203389831,
      0.034898305084745763,
      0.03573728813559322,
      0.03657627118644068,
      0.03741525423728814,
      0.038254237288135595,
      0.039093220338983055,
      0.039932203389830515,
      0.04077118644067797,
      0.04161016949152543,
      0.04244915254237289,
      0.043288135593220346,
      0.0441271186440678,
      0.04496610169491526,
      0.04580508474576272,
      0.04664406779661018,
      0.04748305084745763,
      0.04832203389830509,
      0.04916101694915255,
      0.05
    ],
    "V": [
      1.8791146633179091e-06,
      9.170217738182835e-05,
      0.00010507615982880915,
      0.0003429882746017395,
      0.0004886624433594193,
      0.000321662870284093,
      0.0007199522236245826,
      0.00047513904917132095,
      0.00034097496042377704,
      0.0005641695514929079,
      0.0008452241126870684,
      0.0007730691344688222,
      0.0009739368510917671,
      0.0009708686216313273,
      0.0011848177114894814,
      0.0011178403025980843,
      0.0013097107235393783,
      0.0013566715690382168,
      0.0012929564541175622,
      0.001446273357458907,
      0.001582913418197881,
      0.0015984706158915678,
      0.0015275285337990148,
      0.0017090889967611561,
      0.0016954521691800954,
      0.0018094767879683368,
      0.0019985816704300927,
      0.0021850848321959765,
      0.0021134779469474305,
      0.0021304474664626738,
      0.002292706104198403,
      0.0022692089039618867,
      0.002485189087330442,
      0.002560508565885235,
      0.0024695363525611067,
      0.002540166165737254,
      0.002738741265327673,
      0.0027074810633240538,
      0.0028242177817003654,
      0.002796364788978129,
      0.002761183181137853,
      0.003062317821616393,
      0.0032527234125873617,
      0.003174446101636408,
      0.0031718578681826193,
      0.0033562379353384397,
      0.0034551760661881235,
      0.0034716619798279974,
      0.003550183584611001,
      0.00363086021521826,
      0.0036477746069418834,
      0.0038125211833888594,
      0.0038165743790908244,
      0.0038078434424130125,
      0.003936937702551625,
      0.004053516920621718,
      0.0041093758222868065,
      0.004330025316205487,
      0.004295936532957278,
      0.00405179660381156
    ],
    "snapshot_path": "outputs_diode\\applied_field_0.060\\snapshot_Ic_minus.h5"
  }
}