{
  "config": {
    "geometry": "notch",
    "wire_length": 8.0,
    "wire_width": 2.0,
    "notch_depth": 0.2,
    "notch_width": 1.0,
    "n_notches": 2,
    "applied_field": 0.1
  },
  "Ic_plus": 0.019796610169491528,
  "Ic_minus": 0.016440677966101696,
  "delta_Ic": 0.0033559322033898317,
  "diode_efficiency": 0.09260991580916747,
  "diagnostics_plus": {
    "I": [
      0.0005,
      0.0013389830508474577,
      0.0021779661016949154,
      0.003016949152542373,
      0.003855932203389831,
      0.004694915254237288,
      0.005533898305084746,
      0.006372881355932204,
      0.007211864406779662,
      0.00805084745762712,
      0.008889830508474578,
      0.009728813559322036,
      0.010567796610169492,
      0.01140677966101695,
      0.012245762711864408,
      0.013084745762711866,
      0.013923728813559324,
      0.014762711864406782,
      0.01560169491525424,
      0.016440677966101696,
      0.017279661016949156,
      0.018118644067796612,
      0.01895762711864407,
      0.019796610169491528,
      0.020635593220338984,
      0.021474576271186444,
      0.0223135593220339,
      0.02315254237288136,
      0.023991525423728816,
      0.024830508474576275,
      0.02566949152542373,
      0.02650847457627119,
      0.027347457627118647,
      0.028186440677966104,
      0.029025423728813563,
      0.02986440677966102,
      0.03070338983050848,
      0.03154237288135593,
      0.03238135593220339,
      0.03322033898305085,
      0.03405932203389831,
      0.034898305084745763,
      0.03573728813559322,
      0.03657627118644068,
      0.03741525423728814,
      0.038254237288135595,
      0.039093220338983055,
      0.039932203389830515,
      0.04077118644067797,
      0.04161016949152543,
      0.04244915254237289,
      0.043288135593220346,
      0.0441271186440678,
      0.04496610169491526,
      0.04580508474576272,
      0.04664406779661018,
      0.04748305084745763,
      0.04832203389830509,
      0.04916101694915255,
      0.05
    ],
    "V": [
      0.0002519476770437398,
      8.313118277360823e-05,
      6.891835021831236e-05,
      0.0001625853971336699,
      0.0002543229202200755,
      0.0004256934458784245,
      0.00011730334083483514,
      0.00014695579751280313,
      0.0004916351764976658,
      0.0003967271707137982,
      0.0005015099007049601,
      0.0004851254163867243,
      0.0005372912005484664,
      0.0007832037594625426,
      0.0008521361577376736,
      0.0011278745148850808,
      0.0010120444370531631,
      0.0011048707816973635,
      0.0012156950359337433,
      0.0009710971749826539,
      0.0011767503556578565,
      0.0010339070081661682,
      0.001132887327606958,
      0.001407894828977818,
      0.0015580619639198043,
      0.001362833758536666,
      0.0015263862969079652,
      0.0015605353793007792,
      0.001761815943086099,
      0.0017251096145449014,
      0.0017953379397224237,
      0.0018945376879765715,
      0.0020727943238243985,
      0.0020524785250929174,
      0.002011673544578352,
      0.0019866176679927653,
      0.002262537302232616,
      0.0021328155560311817,
      0.002281984307389769,
      0.002645436286053149,
      0.002572404155702043,
      0.0024062009146713983,
      0.002414573458032518,
      0.0028385890361817072,
      0.0029105028824042175,
      0.002865939408371547,
      0.0027245325289278447,
      0.003048749677983078,
      0.003009392934894369,
      0.0028958180505235832,
      0.0030080796416555493,
      0.00317018130152589,
      0.003389358287584378,
      0.0033673625886725027,
      0.0032234736072701275,
      0.003219192114474013,
      0.0034657397186699684,
      0.00363121731367112,
      0.0036831810233786894,
      0.003955609050975482
    ],
    "snapshot_path": "outputs_diode\\notch_depth_0.200\\snapshot_Ic_plus.h5"
  },
  "diagnostics_minus": {
    "I": [
      0.0005,
      0.0013389830508474577,
      0.0021779661016949154,
      0.003016949152542373,
      0.003855932203389831,
      0.004694915254237288,
      0.005533898305084746,
      0.006372881355932204,
      0.007211864406779662,
      0.00805084745762712,
      0.008889830508474578,
      0.009728813559322036,
      0.010567796610169492,
      0.01140677966101695,
      0.012245762711864408,
      0.013084745762711866,
      0.013923728813559324,
      0.014762711864406782,
      0.01560169491525424,
      0.016440677966101696,
      0.017279661016949156,
      0.018118644067796612,
      0.01895762711864407,
      0.019796610169491528,
      0.020635593220338984,
      0.021474576271186444,
      0.0223135593220339,
      0.02315254237288136,
      0.023991525423728816,
      0.024830508474576275,
      0.02566949152542373,
      0.02650847457627119,
      0.027347457627118647,
      0.028186440677966104,
      0.029025423728813563,
      0.02986440677966102,
      0.03070338983050848,
      0.03154237288135593,
      0.03238135593220339,
      0.03322033898305085,
      0.03405932203389831,
      0.034898305084745763,
      0.03573728813559322,
      0.03657627118644068,
      0.03741525423728814,
      0.038254237288135595,
      0.039093220338983055,
      0.039932203389830515,
      0.04077118644067797,
      0.04161016949152543,
      0.04244915254237289,
      0.043288135593220346,
      0.0441271186440678,
      0.04496610169491526,
      0.04580508474576272,
      0.04664406779661018,
      0.04748305084745763,
      0.04832203389830509,
      0.04916101694915255,
      0.05
    ],
    "V": [
      0.0003219454113508784,
      0.0004156225678211273,
      0.0002804734444514972,
      0.0002389314539828745,
      0.0003729053442180653,
      0.00034432011939877,
      0.00025134383776660897,
      0.00025409522377124445,
      0.00040532293965021897,
      0.0006638408515066969,
      0.0008005192698582897,
      0.0009359727562175941,
      0.0007586172199949208,
      0.0012268225869694054,
      0.0009920347626734035,
      0.0012758203602248432,
      0.0010519277035521215,
      0.0011869441868474864,
      0.0011593473845653009,
      0.0015334416289895256,
      0.001315724712562986,
      0.0014096608928351598,
      0.0015222993734283624,
      0.0015490366565923815,
      0.0018423881886719732,
      0.0016060308871270184,
      0.0017937597338381582,
      0.0018113471661532622,
      0.0017964123317457863,
      0.00176961503704924,
      0.0021496710410229746,
      0.0021172212779345815,
      0.002128294759514014,
      0.0022340899876744386,
      0.0024166104019234112,
      0.002342642376838632,
      0.0023417752010148414,
      0.002443132305813015,
      0.002503077494123089,
      0.002488181577721328,
      0.002692125280106756,
      0.002797139003431796,
      0.0027046346460980154,
      0.0028301222679120498,
      0.0029018811117910814,
      0.002862656480300822,
      0.003012783112030584,
      0.0030142569585411465,
      0.0031514860156803505,
      0.003250710038157014,
      0.003465564016145243,
      0.0034873304048399826,
      0.003619747102856407,
      0.0034762031455865543,
      0.0034009621633453715,
      0.0038114726803050447,
      0.0036908247907301234,
      0.0037752411900803303,
      0.0037681506098729794,
      0.004095635899071431
    ],
    "snapshot_path": "outputs_diode\\notch_depth_0.200\\snapshot_Ic_minus.h5"
  }
}