{
  "config": {
    "geometry": "notch",
    "wire_length": 8.0,
    "wire_width": 2.0,
    "notch_depth": 0.3,
    "notch_width": 1.0,
    "n_notches": 2,
    "applied_field": 0.1
  },
  "Ic_plus": 0.013923728813559324,
  "Ic_minus": 0.013084745762711866,
  "delta_Ic": 0.0008389830508474579,
  "diode_efficiency": 0.031063696266080965,
  "diagnostics_plus": {
    "I": [
      0.0005,
      0.0013389830508474577,
      0.0021779661016949154,
      0.003016949152542373,
      0.003855932203389831,
      0.004694915254237288,
      0.005533898305084746,
      0.006372881355932204,
      0.007211864406779662,
      0.00805084745762712,
      0.008889830508474578,
      0.009728813559322036,
      0.010567796610169492,
      0.01140677966101695,
      0.012245762711864408,
      0.013084745762711866,
      0.013923728813559324,
      0.014762711864406782,
      0.01560169491525424,
      0.016440677966101696,
      0.017279661016949156,
      0.018118644067796612,
      0.01895762711864407,
      0.019796610169491528,
      0.020635593220338984,
      0.021474576271186444,
      0.0223135593220339,
      0.02315254237288136,
      0.023991525423728816,
      0.024830508474576275,
      0.02566949152542373,
      0.02650847457627119,
      0.027347457627118647,
      0.028186440677966104,
      0.029025423728813563,
      0.02986440677966102,
      0.03070338983050848,
      0.03154237288135593,
      0.03238135593220339,
      0.03322033898305085,
      0.03405932203389831,
      0.034898305084745763,
      0.03573728813559322,
      0.03657627118644068,
      0.03741525423728814,
      0.038254237288135595,
      0.039093220338983055,
      0.039932203389830515,
      0.04077118644067797,
      0.04161016949152543,
      0.04244915254237289,
      0.043288135593220346,
      0.0441271186440678,
      0.04496610169491526,
      0.04580508474576272,
      0.04664406779661018,
      0.04748305084745763,
      0.04832203389830509,
      0.04916101694915255,
      0.05
    ],
    "V": [
      0.00018577224694628973,
      0.0002580226303607663,
      0.0003005755040278756,
      0.0003245485754160851,
      0.0003901001494036955,
      0.0004989371576733646,
      0.0005516138335113344,
      0.0006181985785175082,
      0.0007155195414863218,
      0.0007264463884334857,
      0.0008104395234104305,
      0.0008747546939106622,
      0.0009707452534333365,
      0.0009554995332265878,
      0.0010975477933457102,
      0.0010529229083952212,
      0.0011909877327355327,
      0.0012923233512120262,
      0.0013140018835084623,
      0.0014219425181000273,
      0.0014524024795956713,
      0.0015334007608933976,
      0.001591089662094248,
      0.0016029734935262313,
      0.0016926806722438498,
      0.0017889823996290962,
      0.0018387472602685896,
      0.001871799241743553,
      0.0019558664759000894,
      0.0020164342094758946,
      0.0020882354955259054,
      0.002162666717180543,
      0.0023269501294449144,
      0.002291112058999559,
      0.0023360707094267352,
      0.002411367893164028,
      0.002473624778975569,
      0.0025647326826726126,
      0.002582763910733353,
      0.0027033802795212664,
      0.0026883415810415325,
      0.0027687362271662185,
      0.0028707088790145626,
      0.002908195332639323,
      0.002999859668960949,
      0.0030563345045421446,
      0.003136222503455209,
      0.003178324562880236,
      0.0032446074079748167,
      0.0033314415878299528,
      0.0033466971115753727,
      0.003377969946492,
      0.003513597326824346,
      0.003546078388114904,
      0.0035950684845791293,
      0.003738012175723871,
      0.0037195633838864963,
      0.0037781092107916515,
      0.0038423291351875944,
      0.003983620496572788
    ],
    "snapshot_path": "outputs_diode\\notch_depth_0.300\\snapshot_Ic_plus.h5"
  },
  "diagnostics_minus": {
    "I": [
      0.0005,
      0.0013389830508474577,
      0.0021779661016949154,
      0.003016949152542373,
      0.003855932203389831,
      0.004694915254237288,
      0.005533898305084746,
      0.006372881355932204,
      0.007211864406779662,
      0.00805084745762712,
      0.008889830508474578,
      0.009728813559322036,
      0.010567796610169492,
      0.01140677966101695,
      0.012245762711864408,
      0.013084745762711866,
      0.013923728813559324,
      0.014762711864406782,
      0.01560169491525424,
      0.016440677966101696,
      0.017279661016949156,
      0.018118644067796612,
      0.01895762711864407,
      0.019796610169491528,
      0.020635593220338984,
      0.021474576271186444,
      0.0223135593220339,
      0.02315254237288136,
      0.023991525423728816,
      0.024830508474576275,
      0.02566949152542373,
      0.02650847457627119,
      0.027347457627118647,
      0.028186440677966104,
      0.029025423728813563,
      0.02986440677966102,
      0.03070338983050848,
      0.03154237288135593,
      0.03238135593220339,
      0.03322033898305085,
      0.03405932203389831,
      0.034898305084745763,
      0.03573728813559322,
      0.03657627118644068,
      0.03741525423728814,
      0.038254237288135595,
      0.039093220338983055,
      0.039932203389830515,
      0.04077118644067797,
      0.04161016949152543,
      0.04244915254237289,
      0.043288135593220346,
      0.0441271186440678,
      0.04496610169491526,
      0.04580508474576272,
      0.04664406779661018,
      0.04748305084745763,
      0.04832203389830509,
      0.04916101694915255,
      0.05
    ],
    "V": [
      8.224522483253117e-05,
      1.3893985026924013e-05,
      8.314516568262508e-05,
      0.0001295944746294307,
      0.00018636121564620382,
      0.0002658413093950875,
      0.0003103952012243997,
      0.000379097251223806,
      0.00045231607469265974,
      0.0005193104403369038,
      0.0005622738913188179,
      0.000613953285211191,
      0.0006484187673186293,
      0.0006742897544855454,
      0.000775530760428968,
      0.0008330507498729809,
      0.0009282486270339118,
      0.0010435953450918902,
      0.0009963728337826817,
      0.0010973918695766827,
      0.001150453428125087,
      0.0012493911174433472,
      0.0013148075350748949,
      0.0014010966587652458,
      0.0015120008027184227,
      0.0015228644722603648,
      0.001574306849453473,
      0.0016459110103580125,
      0.001713272602890861,
      0.0017178822552814707,
      0.001876916745295374,
      0.001902808983001388,
      0.001920346939301216,
      0.002074236825251505,
      0.002087812051329948,
      0.0021026681992043408,
      0.002200557238007481,
      0.002288334873455955,
      0.002282231517314083,
      0.0024091705996703724,
      0.002467376558683808,
      0.00256746160980805,
      0.002584966987646321,
      0.0026494106046118368,
      0.002704645367740815,
      0.0027521884191991407,
      0.002877792732153527,
      0.0028938340121954795,
      0.002986429546310992,
      0.0030493914953539213,
      0.0030900688055115993,
      0.003200143908370319,
      0.0032681554315367096,
      0.0033146705612375864,
      0.0033694593001689873,
      0.0034220445206541274,
      0.0035110001773288406,
      0.003489740357138654,
      0.003602574777578645,
      0.0036862775941890204
    ],
    "snapshot_path": "outputs_diode\\notch_depth_0.300\\snapshot_Ic_minus.h5"
  }
}