{
  "config": {
    "geometry": "notch",
    "wire_length": 8.0,
    "wire_width": 2.0,
    "notch_depth": 0.5,
    "notch_width": 1.0,
    "n_notches": 2,
    "applied_field": 0.1
  },
  "Ic_plus": 0.009728813559322036,
  "Ic_minus": 0.013923728813559324,
  "delta_Ic": -0.004194915254237288,
  "diode_efficiency": -0.17735578645646718,
  "diagnostics_plus": {
    "I": [
      0.0005,
      0.0013389830508474577,
      0.0021779661016949154,
      0.003016949152542373,
      0.003855932203389831,
      0.004694915254237288,
      0.005533898305084746,
      0.006372881355932204,
      0.007211864406779662,
      0.00805084745762712,
      0.008889830508474578,
      0.009728813559322036,
      0.010567796610169492,
      0.01140677966101695,
      0.012245762711864408,
      0.013084745762711866,
      0.013923728813559324,
      0.014762711864406782,
      0.01560169491525424,
      0.016440677966101696,
      0.017279661016949156,
      0.018118644067796612,
      0.01895762711864407,
      0.019796610169491528,
      0.020635593220338984,
      0.021474576271186444,
      0.0223135593220339,
      0.02315254237288136,
      0.023991525423728816,
      0.024830508474576275,
      0.02566949152542373,
      0.02650847457627119,
      0.027347457627118647,
      0.028186440677966104,
      0.029025423728813563,
      0.02986440677966102,
      0.03070338983050848,
      0.03154237288135593,
      0.03238135593220339,
      0.03322033898305085,
      0.03405932203389831,
      0.034898305084745763,
      0.03573728813559322,
      0.03657627118644068,
      0.03741525423728814,
      0.038254237288135595,
      0.039093220338983055,
      0.039932203389830515,
      0.04077118644067797,
      0.04161016949152543,
      0.04244915254237289,
      0.043288135593220346,
      0.0441271186440678,
      0.04496610169491526,
      0.04580508474576272,
      0.04664406779661018,
      0.04748305084745763,
      0.04832203389830509,
      0.04916101694915255,
      0.05
    ],
    "V": [
      6.860532312152239e-05,
      7.787704949103682e-05,
      5.015758782281449e-05,
      0.00014923949161350794,
      0.0003087509825973023,
      0.00022332295656015227,
      0.000489071313710906,
      0.00035960003215551475,
      0.0005192304335575187,
      0.0006046897851320569,
      0.0006856963928028741,
      0.0008008734997429722,
      0.0007472336171298866,
      0.000889103978127457,
      0.000892975829562574,
      0.0010573228160037332,
      0.0010946935759987705,
      0.0011601313995647812,
      0.0012407269876367809,
      0.001146388247963276,
      0.0013686514131809565,
      0.0015977539653168327,
      0.0014024372571595602,
      0.0015354691528459035,
      0.0014087866870771406,
      0.0016584332346102197,
      0.0017056138876336577,
      0.0017625727304639701,
      0.0016482251086108628,
      0.001834793369523008,
      0.0018850537125157099,
      0.0019562359378993486,
      0.0021987442791226203,
      0.0020589883421988364,
      0.0021927294615101682,
      0.0023589898533824707,
      0.0024363148310662668,
      0.0023694962596520538,
      0.002436446835523204,
      0.0023941258739852193,
      0.002517826686392794,
      0.0026959093872604236,
      0.002781888472068775,
      0.0028010540353588277,
      0.0028694597145482903,
      0.0029472146897560753,
      0.0030611185239241105,
      0.0032203566511215097,
      0.00315320288515701,
      0.0031942088689024106,
      0.003270466350093162,
      0.0032042746802535484,
      0.0033993346579738624,
      0.003431189386248376,
      0.003595319952148756,
      0.0037140467689634805,
      0.003631943783990465,
      0.0037623729131786732,
      0.0037657685462402666,
      0.0038297861621551044
    ],
    "snapshot_path": "outputs_diode\\notch_depth_0.500\\snapshot_Ic_plus.h5"
  },
  "diagnostics_minus": {
    "I": [
      0.0005,
      0.0013389830508474577,
      0.0021779661016949154,
      0.003016949152542373,
      0.003855932203389831,
      0.004694915254237288,
      0.005533898305084746,
      0.006372881355932204,
      0.007211864406779662,
      0.00805084745762712,
      0.008889830508474578,
      0.009728813559322036,
      0.010567796610169492,
      0.01140677966101695,
      0.012245762711864408,
      0.013084745762711866,
      0.013923728813559324,
      0.014762711864406782,
      0.01560169491525424,
      0.016440677966101696,
      0.017279661016949156,
      0.018118644067796612,
      0.01895762711864407,
      0.019796610169491528,
      0.020635593220338984,
      0.021474576271186444,
      0.0223135593220339,
      0.02315254237288136,
      0.023991525423728816,
      0.024830508474576275,
      0.02566949152542373,
      0.02650847457627119,
      0.027347457627118647,
      0.028186440677966104,
      0.029025423728813563,
      0.02986440677966102,
      0.03070338983050848,
      0.03154237288135593,
      0.03238135593220339,
      0.03322033898305085,
      0.03405932203389831,
      0.034898305084745763,
      0.03573728813559322,
      0.03657627118644068,
      0.03741525423728814,
      0.038254237288135595,
      0.039093220338983055,
      0.039932203389830515,
      0.04077118644067797,
      0.04161016949152543,
      0.04244915254237289,
      0.043288135593220346,
      0.0441271186440678,
      0.04496610169491526,
      0.04580508474576272,
      0.04664406779661018,
      0.04748305084745763,
      0.04832203389830509,
      0.04916101694915255,
      0.05
    ],
    "V": [
      0.00013887258623918608,
      0.0001015471705983363,
      0.00029975002688098463,
      0.00025892165436467953,
      0.00026409822549350114,
      0.00031997113758228595,
      0.0004627506074966488,
      0.0005517411330304279,
      0.000610711015952882,
      0.0006155236344434644,
      0.0008367559552406486,
      0.0008943955673010955,
      0.0008512732291416119,
      0.0008216101921589037,
      0.0011245793870035545,
      0.0010773135943939036,
      0.0012137222687426113,
      0.0010806173114065501,
      0.0012183614615617264,
      0.0013519742229144876,
      0.0014244823405172545,
      0.0014637163043582924,
      0.0015275680883893542,
      0.001652042768032006,
      0.0015763150532384907,
      0.0018418322945358747,
      0.0018616668269900785,
      0.0019271081332236481,
      0.001959606185008894,
      0.002025334137609375,
      0.0021725514029172404,
      0.0022302362686702306,
      0.0022241348648697865,
      0.00225312408925771,
      0.0023548196333191946,
      0.00254265805279839,
      0.002434603234889231,
      0.0025865076004091773,
      0.002621252008033523,
      0.0025613287150286833,
      0.002771118354121889,
      0.00281603323564242,
      0.002781520058096052,
      0.002917132215013113,
      0.0030419320124396784,
      0.0029399163568526003,
      0.003025838009181509,
      0.0032569634893485685,
      0.0032989591785980506,
      0.0033218173683481514,
      0.003193756202602151,
      0.003344710111136176,
      0.0036633214001716777,
      0.0036377858706298917,
      0.0037928175651789904,
      0.003669246643751874,
      0.003998644836917596,
      0.003889678219231072,
      0.003916218867424858,
      0.004077350358578551
    ],
    "snapshot_path": "outputs_diode\\notch_depth_0.500\\snapshot_Ic_minus.h5"
  }
}