{
  "param_name": "applied_field",
  "param_values": [
    0.0,
    0.02,
    0.04,
    0.06,
    0.08,
    0.1
  ],
  "Ic_plus": [
    0.013923728813559324,
    0.013923728813559324,
    0.014762711864406782,
    0.00805084745762712,
    0.0013389830508474577,
    0.003855932203389831
  ],
  "Ic_minus": [
    0.013923728813559324,
    0.013084745762711866,
    0.01140677966101695,
    0.0021779661016949154,
    0.0021779661016949154,
    0.003016949152542373
  ],
  "diode_efficiency": [
    0.0,
    0.031063696266080965,
    0.12823834196891196,
    0.5741507870753936,
    -0.2385542168674699,
    0.12207151664611594
  ]
}