{
  "param_name": "notch_depth",
  "param_values": [
    0.2,
    0.3,
    0.4,
    0.5,
    0.6,
    0.7,
    0.8,
    0.9,
    1.0
  ],
  "Ic_plus": [
    0.019796610169491528,
    0.013923728813559324,
    0.007211864406779662,
    0.009728813559322036,
    0.003016949152542373,
    0.014762711864406782,
    0.013084745762711866,
    0.010567796610169492,
    0.003855932203389831
  ],
  "Ic_minus": [
    0.016440677966101696,
    0.013084745762711866,
    0.006372881355932204,
    0.013923728813559324,
    0.01140677966101695,
    0.01895762711864407,
    0.008889830508474578,
    0.0021779661016949154,
    0.003016949152542373
  ],
  "diode_efficiency": [
    0.09260991580916747,
    0.031063696266080965,
    0.06175920149719278,
    -0.17735578645646718,
    -0.5816686251468861,
    -0.12440311636089472,
    0.1908985730813729,
    0.6582446808510637,
    0.12207151664611594
  ]
}