{
  "config": {
    "geometry": "notch",
    "wire_length": 8.0,
    "wire_width": 2.0,
    "notch_depth": 0.9,
    "notch_width": 1.0,
    "n_notches": 2,
    "applied_field": 0.1
  },
  "Ic_plus": 0.010567796610169492,
  "Ic_minus": 0.0021779661016949154,
  "delta_Ic": 0.008389830508474576,
  "diode_efficiency": 0.6582446808510637,
  "diagnostics_plus": {
    "I": [
      0.0005,
      0.0013389830508474577,
      0.0021779661016949154,
      0.003016949152542373,
      0.003855932203389831,
      0.004694915254237288,
      0.005533898305084746,
      0.006372881355932204,
      0.007211864406779662,
      0.00805084745762712,
      0.008889830508474578,
      0.009728813559322036,
      0.010567796610169492,
      0.01140677966101695,
      0.012245762711864408,
      0.013084745762711866,
      0.013923728813559324,
      0.014762711864406782,
      0.01560169491525424,
      0.016440677966101696,
      0.017279661016949156,
      0.018118644067796612,
      0.01895762711864407,
      0.019796610169491528,
      0.020635593220338984,
      0.021474576271186444,
      0.0223135593220339,
      0.02315254237288136,
      0.023991525423728816,
      0.024830508474576275,
      0.02566949152542373,
      0.02650847457627119,
      0.027347457627118647,
      0.028186440677966104,
      0.029025423728813563,
      0.02986440677966102,
      0.03070338983050848,
      0.03154237288135593,
      0.03238135593220339,
      0.03322033898305085,
      0.03405932203389831,
      0.034898305084745763,
      0.03573728813559322,
      0.03657627118644068,
      0.03741525423728814,
      0.038254237288135595,
      0.039093220338983055,
      0.039932203389830515,
      0.04077118644067797,
      0.04161016949152543,
      0.04244915254237289,
      0.043288135593220346,
      0.0441271186440678,
      0.04496610169491526,
      0.04580508474576272,
      0.04664406779661018,
      0.04748305084745763,
      0.04832203389830509,
      0.04916101694915255,
      0.05
    ],
    "V": [
      9.303771383901124e-05,
      0.00016829739692332828,
      0.00022543567572450037,
      0.0003204824472925423,
      0.0003805508609194062,
      0.00046087202219034063,
      0.0005242399166056549,
      0.0005945682139676012,
      0.0006643479836320344,
      0.0007298679967826508,
      0.0008130493333352191,
      0.0008839458723352043,
      0.0009457428920611502,
      0.0010082213050175953,
      0.0010901233845865377,
      0.0011639834479391768,
      0.0012346448341590585,
      0.0012963225432479435,
      0.0013734220624088327,
      0.0014482164577853634,
      0.0015211905069488487,
      0.0015928648330945443,
      0.0016678097982725639,
      0.0017362754568047655,
      0.0018055947336683995,
      0.0018830348817918717,
      0.0019535850621840464,
      0.002018395540168833,
      0.002085684552230028,
      0.0021531341859608237,
      0.0022382952698028436,
      0.002292866921739507,
      0.002382165692184062,
      0.0024490222305869357,
      0.0025268592118851056,
      0.0025958872892177932,
      0.0026600820104554527,
      0.0027318397402477535,
      0.002803595458955725,
      0.002885104648999981,
      0.0029368294826191796,
      0.0030109854749843534,
      0.0030992318653300754,
      0.0031552354288825676,
      0.0032410582127076373,
      0.0032977415104330355,
      0.0033648558037603507,
      0.003441343936447086,
      0.0035217684567073735,
      0.0035867362293386176,
      0.0036410958019678923,
      0.0037360535399265245,
      0.0037994080651720216,
      0.003872806188225569,
      0.003943777884009116,
      0.004013168756229571,
      0.004087417537258166,
      0.004163927972415011,
      0.004230720592151671,
      0.004296699924171805
    ],
    "snapshot_path": "outputs_diode\\notch_depth_0.900\\snapshot_Ic_plus.h5"
  },
  "diagnostics_minus": {
    "I": [
      0.0005,
      0.0013389830508474577,
      0.0021779661016949154,
      0.003016949152542373,
      0.003855932203389831,
      0.004694915254237288,
      0.005533898305084746,
      0.006372881355932204,
      0.007211864406779662,
      0.00805084745762712,
      0.008889830508474578,
      0.009728813559322036,
      0.010567796610169492,
      0.01140677966101695,
      0.012245762711864408,
      0.013084745762711866,
      0.013923728813559324,
      0.014762711864406782,
      0.01560169491525424,
      0.016440677966101696,
      0.017279661016949156,
      0.018118644067796612,
      0.01895762711864407,
      0.019796610169491528,
      0.020635593220338984,
      0.021474576271186444,
      0.0223135593220339,
      0.02315254237288136,
      0.023991525423728816,
      0.024830508474576275,
      0.02566949152542373,
      0.02650847457627119,
      0.027347457627118647,
      0.028186440677966104,
      0.029025423728813563,
      0.02986440677966102,
      0.03070338983050848,
      0.03154237288135593,
      0.03238135593220339,
      0.03322033898305085,
      0.03405932203389831,
      0.034898305084745763,
      0.03573728813559322,
      0.03657627118644068,
      0.03741525423728814,
      0.038254237288135595,
      0.039093220338983055,
      0.039932203389830515,
      0.04077118644067797,
      0.04161016949152543,
      0.04244915254237289,
      0.043288135593220346,
      0.0441271186440678,
      0.04496610169491526,
      0.04580508474576272,
      0.04664406779661018,
      0.04748305084745763,
      0.04832203389830509,
      0.04916101694915255,
      0.05
    ],
    "V": [
      9.352463659405967e-06,
      6.450062013370782e-05,
      0.000134333943038285,
      0.00019762031689433672,
      0.0002741551861330924,
      0.00035427074117141104,
      0.00041242189443828293,
      0.0004911477511543425,
      0.0005555378647068147,
      0.0006273254669787343,
      0.0007026818668910133,
      0.0007729402946505509,
      0.000855298131716276,
      0.0009157232326308043,
      0.0009797581220215281,
      0.001049001011973089,
      0.0011334569592715282,
      0.0011953708348333377,
      0.0012647652893972043,
      0.0013394559480543057,
      0.0014106366373900785,
      0.0014885101200167623,
      0.0015783343107524746,
      0.0016258275544004258,
      0.0017056101692762276,
      0.0017820970536421268,
      0.00184690094597822,
      0.0019115290506511843,
      0.0019711073174489393,
      0.0020563864946533442,
      0.0021271123359887967,
      0.0021932434067200605,
      0.0022635344467476937,
      0.0023326523437763353,
      0.0024100700913315502,
      0.0024772632964210743,
      0.0025587233123581994,
      0.002615725056918307,
      0.0027006713461208143,
      0.0027858310435448902,
      0.0028443569467011508,
      0.002899166759626592,
      0.002981930614624549,
      0.003056849236969519,
      0.0031323558471442596,
      0.0031879615543459663,
      0.003274128913439585,
      0.0033339110795454823,
      0.003405865478785629,
      0.0034702379891719307,
      0.003555282705825843,
      0.003628788943525317,
      0.003669896598831554,
      0.003764264977446183,
      0.003843957912569722,
      0.003906766503747294,
      0.003980600819977658,
      0.004049070070251317,
      0.004124070446061354,
      0.004186002256436245
    ],
    "snapshot_path": "outputs_diode\\notch_depth_0.900\\snapshot_Ic_minus.h5"
  }
}