{
  "config": {
    "geometry": "notch",
    "wire_length": 8.0,
    "wire_width": 2.0,
    "notch_depth": 1.0,
    "notch_width": 1.0,
    "n_notches": 2,
    "applied_field": 0.0
  },
  "Ic_plus": 0.013923728813559324,
  "Ic_minus": 0.013923728813559324,
  "delta_Ic": 0.0,
  "diode_efficiency": 0.0,
  "diagnostics_plus": {
    "I": [
      0.0005,
      0.0013389830508474577,
      0.0021779661016949154,
      0.003016949152542373,
      0.003855932203389831,
      0.004694915254237288,
      0.005533898305084746,
      0.006372881355932204,
      0.007211864406779662,
      0.00805084745762712,
      0.008889830508474578,
      0.009728813559322036,
      0.010567796610169492,
      0.01140677966101695,
      0.012245762711864408,
      0.013084745762711866,
      0.013923728813559324,
      0.014762711864406782,
      0.01560169491525424,
      0.016440677966101696,
      0.017279661016949156,
      0.018118644067796612,
      0.01895762711864407,
      0.019796610169491528,
      0.020635593220338984,
      0.021474576271186444,
      0.0223135593220339,
      0.02315254237288136,
      0.023991525423728816,
      0.024830508474576275,
      0.02566949152542373,
      0.02650847457627119,
      0.027347457627118647,
      0.028186440677966104,
      0.029025423728813563,
      0.02986440677966102,
      0.03070338983050848,
      0.03154237288135593,
      0.03238135593220339,
      0.03322033898305085,
      0.03405932203389831,
      0.034898305084745763,
      0.03573728813559322,
      0.03657627118644068,
      0.03741525423728814,
      0.038254237288135595,
      0.039093220338983055,
      0.039932203389830515,
      0.04077118644067797,
      0.04161016949152543,
      0.04244915254237289,
      0.043288135593220346,
      0.0441271186440678,
      0.04496610169491526,
      0.04580508474576272,
      0.04664406779661018,
      0.04748305084745763,
      0.04832203389830509,
      0.04916101694915255,
      0.05
    ],
    "V": [
      0.00018710620551778054,
      5.4602088732005355e-05,
      0.00022606685442597016,
      0.00018006442565853453,
      0.00034078754672998773,
      0.00040792839554338255,
      0.0003592689292962548,
      0.0006175861475688777,
      0.000706333385879634,
      0.000789744937305356,
      0.0008376073346786444,
      0.000777898378050009,
      0.0009133195993142478,
      0.0009015017037675959,
      0.0009348519513996733,
      0.0010550851622285798,
      0.0012693840528298923,
      0.0012537234508188202,
      0.0014434210574337013,
      0.0013477909184305293,
      0.0014575703756065659,
      0.00150620892343124,
      0.001719532040637707,
      0.001722630528388946,
      0.001918284102518102,
      0.0017990748290981,
      0.001913772244646139,
      0.002119986929853018,
      0.0020460362195200764,
      0.0021798779200536285,
      0.0022215999870002544,
      0.002239847860653344,
      0.0023466296716279245,
      0.0023218416769332562,
      0.002528670111576855,
      0.0025743437449136483,
      0.0027296426384397733,
      0.0027065529716093248,
      0.002790066529173635,
      0.0029564642335165197,
      0.003032342867180791,
      0.003036658370784083,
      0.0030277021055751265,
      0.0031345899012972626,
      0.003157119249722101,
      0.0032763854264113005,
      0.0033679988477799856,
      0.0035557714098094855,
      0.0034280791365709526,
      0.0036374795432941366,
      0.00374322852103616,
      0.0036420987950622537,
      0.0037147166573429967,
      0.003933497467063821,
      0.003928029610081534,
      0.00395697071781701,
      0.004134846861245387,
      0.004172253104811323,
      0.004337430112046817,
      0.004294588723372456
    ],
    "snapshot_path": "outputs_diode\\applied_field_0.000\\snapshot_Ic_plus.h5"
  },
  "diagnostics_minus": {
    "I": [
      0.0005,
      0.0013389830508474577,
      0.0021779661016949154,
      0.003016949152542373,
      0.003855932203389831,
      0.004694915254237288,
      0.005533898305084746,
      0.006372881355932204,
      0.007211864406779662,
      0.00805084745762712,
      0.008889830508474578,
      0.009728813559322036,
      0.010567796610169492,
      0.01140677966101695,
      0.012245762711864408,
      0.013084745762711866,
      0.013923728813559324,
      0.014762711864406782,
      0.01560169491525424,
      0.016440677966101696,
      0.017279661016949156,
      0.018118644067796612,
      0.01895762711864407,
      0.019796610169491528,
      0.020635593220338984,
      0.021474576271186444,
      0.0223135593220339,
      0.02315254237288136,
      0.023991525423728816,
      0.024830508474576275,
      0.02566949152542373,
      0.02650847457627119,
      0.027347457627118647,
      0.028186440677966104,
      0.029025423728813563,
      0.02986440677966102,
      0.03070338983050848,
      0.03154237288135593,
      0.03238135593220339,
      0.03322033898305085,
      0.03405932203389831,
      0.034898305084745763,
      0.03573728813559322,
      0.03657627118644068,
      0.03741525423728814,
      0.038254237288135595,
      0.039093220338983055,
      0.039932203389830515,
      0.04077118644067797,
      0.04161016949152543,
      0.04244915254237289,
      0.043288135593220346,
      0.0441271186440678,
      0.04496610169491526,
      0.04580508474576272,
      0.04664406779661018,
      0.04748305084745763,
      0.04832203389830509,
      0.04916101694915255,
      0.05
    ],
    "V": [
      0.00018710620551778054,
      5.4602088732005355e-05,
      0.00022606685442597016,
      0.00018006442565853453,
      0.00034078754672998773,
      0.00040792839554338255,
      0.0003592689292962548,
      0.0006175861475688777,
      0.000706333385879634,
      0.000789744937305356,
      0.0008376073346786444,
      0.000777898378050009,
      0.0009133195993142478,
      0.0009015017037675959,
      0.0009348519513996733,
      0.0010550851622285798,
      0.0012693840528298923,
      0.0012537234508188202,
      0.0014434210574337013,
      0.0013477909184305293,
      0.0014575703756065659,
      0.00150620892343124,
      0.001719532040637707,
      0.001722630528388946,
      0.001918284102518102,
      0.0017990748290981,
      0.001913772244646139,
      0.002119986929853018,
      0.0020460362195200764,
      0.0021798779200536285,
      0.0022215999870002544,
      0.002239847860653344,
      0.0023466296716279245,
      0.0023218416769332562,
      0.002528670111576855,
      0.0025743437449136483,
      0.0027296426384397733,
      0.0027065529716093248,
      0.002790066529173635,
      0.0029564642335165197,
      0.003032342867180791,
      0.003036658370784083,
      0.0030277021055751265,
      0.0031345899012972626,
      0.003157119249722101,
      0.0032763854264113005,
      0.0033679988477799856,
      0.0035557714098094855,
      0.0034280791365709526,
      0.0036374795432941366,
      0.00374322852103616,
      0.0036420987950622537,
      0.0037147166573429967,
      0.003933497467063821,
      0.003928029610081534,
      0.00395697071781701,
      0.004134846861245387,
      0.004172253104811323,
      0.004337430112046817,
      0.004294588723372456
    ],
    "snapshot_path": "outputs_diode\\applied_field_0.000\\snapshot_Ic_minus.h5"
  }
}