{
  "config": {
    "geometry": "notch",
    "wire_length": 8.0,
    "wire_width": 2.0,
    "notch_depth": 0.7,
    "notch_width": 1.0,
    "n_notches": 2,
    "applied_field": 0.1
  },
  "Ic_plus": 0.014762711864406782,
  "Ic_minus": 0.01895762711864407,
  "delta_Ic": -0.00419491525423729,
  "diode_efficiency": -0.12440311636089472,
  "diagnostics_plus": {
    "I": [
      0.0005,
      0.0013389830508474577,
      0.0021779661016949154,
      0.003016949152542373,
      0.003855932203389831,
      0.004694915254237288,
      0.005533898305084746,
      0.006372881355932204,
      0.007211864406779662,
      0.00805084745762712,
      0.008889830508474578,
      0.009728813559322036,
      0.010567796610169492,
      0.01140677966101695,
      0.012245762711864408,
      0.013084745762711866,
      0.013923728813559324,
      0.014762711864406782,
      0.01560169491525424,
      0.016440677966101696,
      0.017279661016949156,
      0.018118644067796612,
      0.01895762711864407,
      0.019796610169491528,
      0.020635593220338984,
      0.021474576271186444,
      0.0223135593220339,
      0.02315254237288136,
      0.023991525423728816,
      0.024830508474576275,
      0.02566949152542373,
      0.02650847457627119,
      0.027347457627118647,
      0.028186440677966104,
      0.029025423728813563,
      0.02986440677966102,
      0.03070338983050848,
      0.03154237288135593,
      0.03238135593220339,
      0.03322033898305085,
      0.03405932203389831,
      0.034898305084745763,
      0.03573728813559322,
      0.03657627118644068,
      0.03741525423728814,
      0.038254237288135595,
      0.039093220338983055,
      0.039932203389830515,
      0.04077118644067797,
      0.04161016949152543,
      0.04244915254237289,
      0.043288135593220346,
      0.0441271186440678,
      0.04496610169491526,
      0.04580508474576272,
      0.04664406779661018,
      0.04748305084745763,
      0.04832203389830509,
      0.04916101694915255,
      0.05
    ],
    "V": [
      0.00039320079126437506,
      0.00032454712973492843,
      0.00030319581049932545,
      0.00016153364265555675,
      0.0005720191720806399,
      0.00046587632971301036,
      0.0005261084186501075,
      0.0007848828824756833,
      0.0007735617018889041,
      0.0009310628995999212,
      0.0009346449250003577,
      0.0010987403124166162,
      0.0010576033572780293,
      0.0008794266132603272,
      0.0008919069052343234,
      0.0010612451127380278,
      0.0013286432315330083,
      0.0016469680563197234,
      0.0008665610906676116,
      0.001498268979980336,
      0.0017054444163897085,
      0.0014536678962066335,
      0.0015951924075773081,
      0.0016983523913871486,
      0.0019182867968253687,
      0.0019040158549038287,
      0.001926791298107694,
      0.0019498481979895324,
      0.0022612732680427883,
      0.0022396499013135718,
      0.0021582306406597047,
      0.002492174632276542,
      0.002669555806966944,
      0.0023651099975753524,
      0.002233330897647139,
      0.0028414205425206338,
      0.002621992449569827,
      0.0030092260618042,
      0.0026780556601803886,
      0.003240135919645972,
      0.0030403669542764912,
      0.003188630470175363,
      0.0028621923540536535,
      0.00311654547815423,
      0.0027504354769912424,
      0.003282827424075807,
      0.003470042183584047,
      0.0032453341235202967,
      0.003751362592451006,
      0.003752133621953058,
      0.003812475881592088,
      0.0037005654003685324,
      0.0039504765497125815,
      0.003917681333940204,
      0.003922515903563838,
      0.003943089132628828,
      0.003908580584171029,
      0.003913315610174327,
      0.004487360922603451,
      0.004452341563240132
    ],
    "snapshot_path": "outputs_diode\\notch_depth_0.700\\snapshot_Ic_plus.h5"
  },
  "diagnostics_minus": {
    "I": [
      0.0005,
      0.0013389830508474577,
      0.0021779661016949154,
      0.003016949152542373,
      0.003855932203389831,
      0.004694915254237288,
      0.005533898305084746,
      0.006372881355932204,
      0.007211864406779662,
      0.00805084745762712,
      0.008889830508474578,
      0.009728813559322036,
      0.010567796610169492,
      0.01140677966101695,
      0.012245762711864408,
      0.013084745762711866,
      0.013923728813559324,
      0.014762711864406782,
      0.01560169491525424,
      0.016440677966101696,
      0.017279661016949156,
      0.018118644067796612,
      0.01895762711864407,
      0.019796610169491528,
      0.020635593220338984,
      0.021474576271186444,
      0.0223135593220339,
      0.02315254237288136,
      0.023991525423728816,
      0.024830508474576275,
      0.02566949152542373,
      0.02650847457627119,
      0.027347457627118647,
      0.028186440677966104,
      0.029025423728813563,
      0.02986440677966102,
      0.03070338983050848,
      0.03154237288135593,
      0.03238135593220339,
      0.03322033898305085,
      0.03405932203389831,
      0.034898305084745763,
      0.03573728813559322,
      0.03657627118644068,
      0.03741525423728814,
      0.038254237288135595,
      0.039093220338983055,
      0.039932203389830515,
      0.04077118644067797,
      0.04161016949152543,
      0.04244915254237289,
      0.043288135593220346,
      0.0441271186440678,
      0.04496610169491526,
      0.04580508474576272,
      0.04664406779661018,
      0.04748305084745763,
      0.04832203389830509,
      0.04916101694915255,
      0.05
    ],
    "V": [
      0.00036273496426185024,
      0.00012570055664056136,
      0.00039264628646199656,
      0.0004043839634489439,
      0.0003840081836372568,
      0.000588313180740755,
      0.0007734188605120806,
      2.8032025645740877e-05,
      0.0007465367299663403,
      0.0008970374054692359,
      0.0005355459953828142,
      0.000577050165905636,
      0.0006386796741558873,
      0.0010974703100724396,
      0.000693479168893628,
      0.0011028329156598548,
      0.0013287176893992988,
      0.0013382659272238556,
      0.0009744396229043953,
      0.001176598667054566,
      0.0013084204585427249,
      0.001272473701713232,
      0.0014604077016876936,
      0.0016718437814519272,
      0.0015946851911847906,
      0.0015557276668133316,
      0.0017871627295434035,
      0.0015325799602619046,
      0.0019327138249538244,
      0.0018924123274668802,
      0.0017569936616142067,
      0.0019845707702151804,
      0.002360349143338597,
      0.002258207800210311,
      0.002412092952922957,
      0.0022107936886703134,
      0.0021810177900011916,
      0.0028426806169553993,
      0.002959584402282632,
      0.0029565572840910687,
      0.0029282476424683456,
      0.002350423150245727,
      0.0030248414114479294,
      0.0030434910860318316,
      0.0030693843504395204,
      0.0031184457478194427,
      0.003269297153523012,
      0.0032470695737990348,
      0.003714756823189644,
      0.0034920722431450984,
      0.0037647448030626173,
      0.0036403599243297236,
      0.0035492893086226888,
      0.0035934582254632357,
      0.0036707272196428043,
      0.0038313047904392316,
      0.0034895950639241362,
      0.004091619265028436,
      0.004165085332191887,
      0.003988769221367181
    ],
    "snapshot_path": "outputs_diode\\notch_depth_0.700\\snapshot_Ic_minus.h5"
  }
}