{
  "config": {
    "geometry": "notch",
    "wire_length": 8.0,
    "wire_width": 2.0,
    "notch_depth": 0.8,
    "notch_width": 1.0,
    "n_notches": 2,
    "applied_field": 0.1
  },
  "Ic_plus": 0.013084745762711866,
  "Ic_minus": 0.008889830508474578,
  "delta_Ic": 0.004194915254237288,
  "diode_efficiency": 0.1908985730813729,
  "diagnostics_plus": {
    "I": [
      0.0005,
      0.0013389830508474577,
      0.0021779661016949154,
      0.003016949152542373,
      0.003855932203389831,
      0.004694915254237288,
      0.005533898305084746,
      0.006372881355932204,
      0.007211864406779662,
      0.00805084745762712,
      0.008889830508474578,
      0.009728813559322036,
      0.010567796610169492,
      0.01140677966101695,
      0.012245762711864408,
      0.013084745762711866,
      0.013923728813559324,
      0.014762711864406782,
      0.01560169491525424,
      0.016440677966101696,
      0.017279661016949156,
      0.018118644067796612,
      0.01895762711864407,
      0.019796610169491528,
      0.020635593220338984,
      0.021474576271186444,
      0.0223135593220339,
      0.02315254237288136,
      0.023991525423728816,
      0.024830508474576275,
      0.02566949152542373,
      0.02650847457627119,
      0.027347457627118647,
      0.028186440677966104,
      0.029025423728813563,
      0.02986440677966102,
      0.03070338983050848,
      0.03154237288135593,
      0.03238135593220339,
      0.03322033898305085,
      0.03405932203389831,
      0.034898305084745763,
      0.03573728813559322,
      0.03657627118644068,
      0.03741525423728814,
      0.038254237288135595,
      0.039093220338983055,
      0.039932203389830515,
      0.04077118644067797,
      0.04161016949152543,
      0.04244915254237289,
      0.043288135593220346,
      0.0441271186440678,
      0.04496610169491526,
      0.04580508474576272,
      0.04664406779661018,
      0.04748305084745763,
      0.04832203389830509,
      0.04916101694915255,
      0.05
    ],
    "V": [
      0.00013744342257475143,
      0.00022387585874708425,
      0.0002926907164010452,
      0.0003412556068979239,
      0.0004111676092944014,
      0.000495292503362234,
      0.000551267653142958,
      0.0006473159166892694,
      0.0007120268121999157,
      0.0007806655864265134,
      0.000852497530205469,
      0.0009184300766324276,
      0.0009914869007930265,
      0.0010452917018330332,
      0.001124646139370208,
      0.0012289484664438257,
      0.0012689224475328834,
      0.0013393391611372298,
      0.0014056140763790816,
      0.0014776854134227108,
      0.0015575822928412643,
      0.0016301876219352817,
      0.0016894849422460212,
      0.001753651356410753,
      0.0018081497516021403,
      0.0018915553970104836,
      0.001958105059714588,
      0.002030306450269029,
      0.0021080479947925275,
      0.002181705957094602,
      0.0022483972400377168,
      0.002306891097040059,
      0.0023927009176817784,
      0.0024516725168221756,
      0.0025046431595696413,
      0.0025907429388204346,
      0.002650717655697935,
      0.0027316196158695787,
      0.0028096743345780756,
      0.0028689751612019894,
      0.0029449817942062387,
      0.0030066109070192187,
      0.003085516354539832,
      0.003151245915204308,
      0.003225717381502146,
      0.003292982769063669,
      0.0033830718409133017,
      0.0034222014697898257,
      0.00350003564337787,
      0.0035824419819955175,
      0.0036427298516417297,
      0.003686782717065093,
      0.003787465794453715,
      0.0038455498771074416,
      0.003920477460917344,
      0.003979804527935925,
      0.004056313744087737,
      0.004134518510208533,
      0.004198074135111972,
      0.004281553763491124
    ],
    "snapshot_path": "outputs_diode\\notch_depth_0.800\\snapshot_Ic_plus.h5"
  },
  "diagnostics_minus": {
    "I": [
      0.0005,
      0.0013389830508474577,
      0.0021779661016949154,
      0.003016949152542373,
      0.003855932203389831,
      0.004694915254237288,
      0.005533898305084746,
      0.006372881355932204,
      0.007211864406779662,
      0.00805084745762712,
      0.008889830508474578,
      0.009728813559322036,
      0.010567796610169492,
      0.01140677966101695,
      0.012245762711864408,
      0.013084745762711866,
      0.013923728813559324,
      0.014762711864406782,
      0.01560169491525424,
      0.016440677966101696,
      0.017279661016949156,
      0.018118644067796612,
      0.01895762711864407,
      0.019796610169491528,
      0.020635593220338984,
      0.021474576271186444,
      0.0223135593220339,
      0.02315254237288136,
      0.023991525423728816,
      0.024830508474576275,
      0.02566949152542373,
      0.02650847457627119,
      0.027347457627118647,
      0.028186440677966104,
      0.029025423728813563,
      0.02986440677966102,
      0.03070338983050848,
      0.03154237288135593,
      0.03238135593220339,
      0.03322033898305085,
      0.03405932203389831,
      0.034898305084745763,
      0.03573728813559322,
      0.03657627118644068,
      0.03741525423728814,
      0.038254237288135595,
      0.039093220338983055,
      0.039932203389830515,
      0.04077118644067797,
      0.04161016949152543,
      0.04244915254237289,
      0.043288135593220346,
      0.0441271186440678,
      0.04496610169491526,
      0.04580508474576272,
      0.04664406779661018,
      0.04748305084745763,
      0.04832203389830509,
      0.04916101694915255,
      0.05
    ],
    "V": [
      6.115351081263033e-05,
      1.9468192896902997e-05,
      6.809102133901463e-05,
      0.0001400626542583095,
      0.00022694063245008608,
      0.0002899921098691021,
      0.00035862298081015245,
      0.0004249985919279178,
      0.0004982307162309745,
      0.0005811663890583833,
      0.0006435453378634853,
      0.0006837931353336192,
      0.0007879256715650512,
      0.0008293740992767599,
      0.000907342296436928,
      0.0009704268505608609,
      0.001058024220424023,
      0.0011222697655160114,
      0.0011774541472604145,
      0.0012769237156418662,
      0.001311272599549308,
      0.001391010483416891,
      0.0014628977026828675,
      0.001532490949494585,
      0.0016248020232335547,
      0.0016828582273838467,
      0.001756628089434087,
      0.0018211931223908995,
      0.001886405987093167,
      0.0019512583670947578,
      0.0020269470664838938,
      0.0020983297258595508,
      0.002176319810260632,
      0.002230309413485823,
      0.0023077655166570616,
      0.002379157549683894,
      0.0024427403643579584,
      0.0025224797680606145,
      0.00259616555466239,
      0.002676284860720504,
      0.0027334487770454543,
      0.002802275960656623,
      0.002879307401577741,
      0.0029268363865291866,
      0.003005767799220799,
      0.0030855442627878158,
      0.003152276570252516,
      0.003210645126882169,
      0.0032983289020479824,
      0.0033494930002068183,
      0.003444377096141469,
      0.0034988048394614564,
      0.003549287467528588,
      0.003610586394728905,
      0.003713035720855912,
      0.003777268748600586,
      0.0038458442436782366,
      0.0039134168070709295,
      0.003983372273402366,
      0.0040528634446193885
    ],
    "snapshot_path": "outputs_diode\\notch_depth_0.800\\snapshot_Ic_minus.h5"
  }
}