{
  "config": {
    "geometry": "notch",
    "wire_length": 8.0,
    "wire_width": 2.0,
    "notch_depth": 1.0,
    "notch_width": 1.0,
    "n_notches": 2,
    "applied_field": 0.04
  },
  "Ic_plus": 0.014762711864406782,
  "Ic_minus": 0.01140677966101695,
  "delta_Ic": 0.0033559322033898317,
  "diode_efficiency": 0.12823834196891196,
  "diagnostics_plus": {
    "I": [
      0.0005,
      0.0013389830508474577,
      0.0021779661016949154,
      0.003016949152542373,
      0.003855932203389831,
      0.004694915254237288,
      0.005533898305084746,
      0.006372881355932204,
      0.007211864406779662,
      0.00805084745762712,
      0.008889830508474578,
      0.009728813559322036,
      0.010567796610169492,
      0.01140677966101695,
      0.012245762711864408,
      0.013084745762711866,
      0.013923728813559324,
      0.014762711864406782,
      0.01560169491525424,
      0.016440677966101696,
      0.017279661016949156,
      0.018118644067796612,
      0.01895762711864407,
      0.019796610169491528,
      0.020635593220338984,
      0.021474576271186444,
      0.0223135593220339,
      0.02315254237288136,
      0.023991525423728816,
      0.024830508474576275,
      0.02566949152542373,
      0.02650847457627119,
      0.027347457627118647,
      0.028186440677966104,
      0.029025423728813563,
      0.02986440677966102,
      0.03070338983050848,
      0.03154237288135593,
      0.03238135593220339,
      0.03322033898305085,
      0.03405932203389831,
      0.034898305084745763,
      0.03573728813559322,
      0.03657627118644068,
      0.03741525423728814,
      0.038254237288135595,
      0.039093220338983055,
      0.039932203389830515,
      0.04077118644067797,
      0.04161016949152543,
      0.04244915254237289,
      0.043288135593220346,
      0.0441271186440678,
      0.04496610169491526,
      0.04580508474576272,
      0.04664406779661018,
      0.04748305084745763,
      0.04832203389830509,
      0.04916101694915255,
      0.05
    ],
    "V": [
      0.0001992853526851376,
      0.00013140025168238744,
      0.0002137966319476169,
      0.00020709024402732688,
      0.00040153757624534646,
      0.0003369759938733284,
      0.0006694752331570501,
      0.0006936118615391432,
      0.000634637239674952,
      0.0008150604256808112,
      0.0006712182353588206,
      0.0006765276361211138,
      0.0008950016786476545,
      0.0009914123997546605,
      0.0011014740237799622,
      0.0010562316083577664,
      0.0011282790438952722,
      0.0013421603113295843,
      0.0014619261482276646,
      0.0014436907645964227,
      0.0015315957762713954,
      0.0016031924528804782,
      0.0015497577622930723,
      0.0016551914717789086,
      0.0018177215965063565,
      0.0018332761770408347,
      0.001984976386840123,
      0.0019106006981905693,
      0.0019766310503022003,
      0.0021963357838969653,
      0.0021658500236566933,
      0.0024284239915697897,
      0.0023407228428473986,
      0.0024727647172078002,
      0.00247337449189508,
      0.0026006163070156785,
      0.0026589376771690874,
      0.00272151189676314,
      0.002872881278628765,
      0.0028256233951482576,
      0.00295089585197931,
      0.0030345649359977836,
      0.003147042657423688,
      0.0029530521214104826,
      0.0033655342687327196,
      0.0033264019448769003,
      0.003372862558092565,
      0.003569762033448814,
      0.0035817789434928085,
      0.0037488491557366986,
      0.003732580489146669,
      0.003799883070546557,
      0.0037161660058325084,
      0.003845923983939847,
      0.0039001728803660864,
      0.004014004959685025,
      0.004114844405079812,
      0.0043092183721462176,
      0.00414803613138413,
      0.004183065546935475
    ],
    "snapshot_path": "outputs_diode\\applied_field_0.040\\snapshot_Ic_plus.h5"
  },
  "diagnostics_minus": {
    "I": [
      0.0005,
      0.0013389830508474577,
      0.0021779661016949154,
      0.003016949152542373,
      0.003855932203389831,
      0.004694915254237288,
      0.005533898305084746,
      0.006372881355932204,
      0.007211864406779662,
      0.00805084745762712,
      0.008889830508474578,
      0.009728813559322036,
      0.010567796610169492,
      0.01140677966101695,
      0.012245762711864408,
      0.013084745762711866,
      0.013923728813559324,
      0.014762711864406782,
      0.01560169491525424,
      0.016440677966101696,
      0.017279661016949156,
      0.018118644067796612,
      0.01895762711864407,
      0.019796610169491528,
      0.020635593220338984,
      0.021474576271186444,
      0.0223135593220339,
      0.02315254237288136,
      0.023991525423728816,
      0.024830508474576275,
      0.02566949152542373,
      0.02650847457627119,
      0.027347457627118647,
      0.028186440677966104,
      0.029025423728813563,
      0.02986440677966102,
      0.03070338983050848,
      0.03154237288135593,
      0.03238135593220339,
      0.03322033898305085,
      0.03405932203389831,
      0.034898305084745763,
      0.03573728813559322,
      0.03657627118644068,
      0.03741525423728814,
      0.038254237288135595,
      0.039093220338983055,
      0.039932203389830515,
      0.04077118644067797,
      0.04161016949152543,
      0.04244915254237289,
      0.043288135593220346,
      0.0441271186440678,
      0.04496610169491526,
      0.04580508474576272,
      0.04664406779661018,
      0.04748305084745763,
      0.04832203389830509,
      0.04916101694915255,
      0.05
    ],
    "V": [
      8.71186139772624e-05,
      4.8852234133716645e-05,
      0.0001344221979277975,
      0.00021671227504268745,
      0.0005244319990163732,
      0.00040520529040003134,
      0.0004963313246995555,
      0.0005484160348720447,
      0.0005940202986721912,
      0.0007622430257804597,
      0.0007871131254931725,
      0.0008380339432478559,
      0.0007924436839606375,
      0.0009509767996584141,
      0.0009598251229889402,
      0.001153553168896293,
      0.0012424020833434626,
      0.0013463239737243214,
      0.0013329301981015909,
      0.0014627539489577696,
      0.0015613386763958354,
      0.0015670551893286614,
      0.0016514401660896226,
      0.0016709619694028977,
      0.0018217292899632815,
      0.001751623289383778,
      0.0019137396559091543,
      0.0020490856450335188,
      0.0022401220745158173,
      0.002127281182716178,
      0.0022235801385165543,
      0.002159318817988839,
      0.00228650338305995,
      0.002419742006878715,
      0.0024957532639611913,
      0.0025305544542805866,
      0.0026666936244968786,
      0.0027105155911655997,
      0.002828182743467549,
      0.002851597080379229,
      0.0029244908252668905,
      0.0031551019615925404,
      0.003164176775126036,
      0.003169079128579328,
      0.003145735360398757,
      0.0034349023230971303,
      0.003428548938931597,
      0.00352317793807853,
      0.003661397385399785,
      0.0035930554073122143,
      0.0036226600465117456,
      0.0037081745883694238,
      0.003582276277153733,
      0.003956172717493336,
      0.0037042080635988806,
      0.0039950251369169085,
      0.004199085015291289,
      0.004119509788057256,
      0.004220655066494513,
      0.004424047573068982
    ],
    "snapshot_path": "outputs_diode\\applied_field_0.040\\snapshot_Ic_minus.h5"
  }
}