{
  "config": {
    "geometry": "notch",
    "wire_length": 8.0,
    "wire_width": 2.0,
    "notch_depth": 1.0,
    "notch_width": 1.0,
    "n_notches": 2,
    "applied_field": 0.1
  },
  "Ic_plus": 0.003855932203389831,
  "Ic_minus": 0.003016949152542373,
  "delta_Ic": 0.0008389830508474579,
  "diode_efficiency": 0.12207151664611594,
  "diagnostics_plus": {
    "I": [
      0.0005,
      0.0013389830508474577,
      0.0021779661016949154,
      0.003016949152542373,
      0.003855932203389831,
      0.004694915254237288,
      0.005533898305084746,
      0.006372881355932204,
      0.007211864406779662,
      0.00805084745762712,
      0.008889830508474578,
      0.009728813559322036,
      0.010567796610169492,
      0.01140677966101695,
      0.012245762711864408,
      0.013084745762711866,
      0.013923728813559324,
      0.014762711864406782,
      0.01560169491525424,
      0.016440677966101696,
      0.017279661016949156,
      0.018118644067796612,
      0.01895762711864407,
      0.019796610169491528,
      0.020635593220338984,
      0.021474576271186444,
      0.0223135593220339,
      0.02315254237288136,
      0.023991525423728816,
      0.024830508474576275,
      0.02566949152542373,
      0.02650847457627119,
      0.027347457627118647,
      0.028186440677966104,
      0.029025423728813563,
      0.02986440677966102,
      0.03070338983050848,
      0.03154237288135593,
      0.03238135593220339,
      0.03322033898305085,
      0.03405932203389831,
      0.034898305084745763,
      0.03573728813559322,
      0.03657627118644068,
      0.03741525423728814,
      0.038254237288135595,
      0.039093220338983055,
      0.039932203389830515,
      0.04077118644067797,
      0.04161016949152543,
      0.04244915254237289,
      0.043288135593220346,
      0.0441271186440678,
      0.04496610169491526,
      0.04580508474576272,
      0.04664406779661018,
      0.04748305084745763,
      0.04832203389830509,
      0.04916101694915255,
      0.05
    ],
    "V": [
      4.1156102223011445e-05,
      4.152411405213058e-05,
      0.00019500304018267052,
      0.00021494724372191938,
      0.00043356977953178284,
      0.0005071723386503804,
      0.00042842736495126674,
      0.0005645699306617302,
      0.0006395042550644494,
      0.0007004177766399372,
      0.000826685225990265,
      0.0008751824091741655,
      0.0010843025365640552,
      0.001112935927845796,
      0.0009743885114675508,
      0.0011513600253190554,
      0.0010980822497226226,
      0.0013703982531024204,
      0.0014374437068336535,
      0.0016238590400546621,
      0.0015819745655594414,
      0.0017154766794871914,
      0.0016846871223930194,
      0.0017062713968452256,
      0.001973215898195716,
      0.00209122630881626,
      0.0018282279672640713,
      0.0021327373912334593,
      0.002168117152988943,
      0.0022163200713403255,
      0.0022471382009294515,
      0.0022687325346460127,
      0.0024110539608505665,
      0.0023942361674468356,
      0.0025819658201193855,
      0.002575052431567135,
      0.0026650617482098108,
      0.0026240719427559536,
      0.002718363715005186,
      0.002883229518471145,
      0.0029520829336163313,
      0.0032542502712035273,
      0.0031023449134234284,
      0.003204545954764267,
      0.0033069284415903066,
      0.0033726963712985077,
      0.003362558119610119,
      0.0034243761245899367,
      0.003426239085351046,
      0.003488974077852453,
      0.003644081340228741,
      0.0037931084673656287,
      0.003977641129019177,
      0.004020624393104135,
      0.004132158337778388,
      0.004046558329309805,
      0.00430308025048652,
      0.004130878017878836,
      0.00437055760179982,
      0.0045117401839381
    ],
    "snapshot_path": "outputs_diode\\notch_depth_1.000\\snapshot_Ic_plus.h5"
  },
  "diagnostics_minus": {
    "I": [
      0.0005,
      0.0013389830508474577,
      0.0021779661016949154,
      0.003016949152542373,
      0.003855932203389831,
      0.004694915254237288,
      0.005533898305084746,
      0.006372881355932204,
      0.007211864406779662,
      0.00805084745762712,
      0.008889830508474578,
      0.009728813559322036,
      0.010567796610169492,
      0.01140677966101695,
      0.012245762711864408,
      0.013084745762711866,
      0.013923728813559324,
      0.014762711864406782,
      0.01560169491525424,
      0.016440677966101696,
      0.017279661016949156,
      0.018118644067796612,
      0.01895762711864407,
      0.019796610169491528,
      0.020635593220338984,
      0.021474576271186444,
      0.0223135593220339,
      0.02315254237288136,
      0.023991525423728816,
      0.024830508474576275,
      0.02566949152542373,
      0.02650847457627119,
      0.027347457627118647,
      0.028186440677966104,
      0.029025423728813563,
      0.02986440677966102,
      0.03070338983050848,
      0.03154237288135593,
      0.03238135593220339,
      0.03322033898305085,
      0.03405932203389831,
      0.034898305084745763,
      0.03573728813559322,
      0.03657627118644068,
      0.03741525423728814,
      0.038254237288135595,
      0.039093220338983055,
      0.039932203389830515,
      0.04077118644067797,
      0.04161016949152543,
      0.04244915254237289,
      0.043288135593220346,
      0.0441271186440678,
      0.04496610169491526,
      0.04580508474576272,
      0.04664406779661018,
      0.04748305084745763,
      0.04832203389830509,
      0.04916101694915255,
      0.05
    ],
    "V": [
      1.579793580731011e-05,
      3.9931456182796786e-05,
      2.3819847863323736e-05,
      0.00023186939740858954,
      0.00027221978125076783,
      0.00038203808394966305,
      0.00044705666136716,
      0.00044232685688677393,
      0.0004994594625397822,
      0.0006612164266981603,
      0.0007934608340304237,
      0.000786768194332492,
      0.0009295164734605011,
      0.0008864310241982737,
      0.0010502901451980295,
      0.0010754446497881838,
      0.0013286821723934136,
      0.0012171158900583208,
      0.001343905616901224,
      0.001532934379874454,
      0.0015508554450405728,
      0.001738157316006132,
      0.0016498963975880305,
      0.00170254023120632,
      0.0019385465773021921,
      0.0017644568838827662,
      0.002051623176174915,
      0.0019365276477407837,
      0.00213867990924782,
      0.002102197380598361,
      0.002241106015459926,
      0.00222636891801723,
      0.0024249866737212846,
      0.002362159535962735,
      0.0023291570212458992,
      0.0026416003544664775,
      0.002600802556883706,
      0.002688658128259515,
      0.0028058218274065213,
      0.0028932419827706396,
      0.0029929502930316236,
      0.0029529666562441896,
      0.0031775932568592555,
      0.003179498283246939,
      0.003268968566818532,
      0.003283818319535598,
      0.003259160673600226,
      0.003543480391085278,
      0.0035398007226480066,
      0.0037245503736593093,
      0.0037116444222660724,
      0.003772334562872143,
      0.003968653211037552,
      0.0039615688119797226,
      0.004088869700684669,
      0.003958819173098821,
      0.0041107046914285635,
      0.00437159319650462,
      0.004246249975236986,
      0.004459472163332877
    ],
    "snapshot_path": "outputs_diode\\notch_depth_1.000\\snapshot_Ic_minus.h5"
  }
}