{
  "config": {
    "geometry": "notch",
    "wire_length": 8.0,
    "wire_width": 2.0,
    "notch_depth": 1.0,
    "notch_width": 1.0,
    "n_notches": 2,
    "applied_field": 0.08
  },
  "Ic_plus": 0.0013389830508474577,
  "Ic_minus": 0.0021779661016949154,
  "delta_Ic": -0.0008389830508474577,
  "diode_efficiency": -0.2385542168674699,
  "diagnostics_plus": {
    "I": [
      0.0005,
      0.0013389830508474577,
      0.0021779661016949154,
      0.003016949152542373,
      0.003855932203389831,
      0.004694915254237288,
      0.005533898305084746,
      0.006372881355932204,
      0.007211864406779662,
      0.00805084745762712,
      0.008889830508474578,
      0.009728813559322036,
      0.010567796610169492,
      0.01140677966101695,
      0.012245762711864408,
      0.013084745762711866,
      0.013923728813559324,
      0.014762711864406782,
      0.01560169491525424,
      0.016440677966101696,
      0.017279661016949156,
      0.018118644067796612,
      0.01895762711864407,
      0.019796610169491528,
      0.020635593220338984,
      0.021474576271186444,
      0.0223135593220339,
      0.02315254237288136,
      0.023991525423728816,
      0.024830508474576275,
      0.02566949152542373,
      0.02650847457627119,
      0.027347457627118647,
      0.028186440677966104,
      0.029025423728813563,
      0.02986440677966102,
      0.03070338983050848,
      0.03154237288135593,
      0.03238135593220339,
      0.03322033898305085,
      0.03405932203389831,
      0.034898305084745763,
      0.03573728813559322,
      0.03657627118644068,
      0.03741525423728814,
      0.038254237288135595,
      0.039093220338983055,
      0.039932203389830515,
      0.04077118644067797,
      0.04161016949152543,
      0.04244915254237289,
      0.043288135593220346,
      0.0441271186440678,
      0.04496610169491526,
      0.04580508474576272,
      0.04664406779661018,
      0.04748305084745763,
      0.04832203389830509,
      0.04916101694915255,
      0.05
    ],
    "V": [
      1.4694194182195467e-05,
      0.0001595582258457129,
      0.00013264920974068138,
      0.00022380421921502764,
      0.00042241560047600734,
      0.00039484435077365626,
      0.00048397444755034235,
      0.0006313758986545161,
      0.0005547847540430817,
      0.00070854193886301,
      0.0006590795638737674,
      0.0008698373116990203,
      0.000976528282777395,
      0.0012017371856726943,
      0.0010750951052212036,
      0.0011645748388053308,
      0.0012018147271760239,
      0.001398050258288052,
      0.0014350204646345376,
      0.0015397441219986922,
      0.0016731554729991895,
      0.0014727189075246728,
      0.0018025492318186629,
      0.0017676440502419845,
      0.0017760952206361835,
      0.0018885400895830389,
      0.0018358329732741916,
      0.001964855648189906,
      0.0021391370366496323,
      0.002157450627837424,
      0.0023018918284464242,
      0.0022624344091318658,
      0.0022629832170155137,
      0.002281158179350876,
      0.002590525439431286,
      0.0025471416404822538,
      0.002665482455473328,
      0.002843646243778533,
      0.0027920525393565375,
      0.0029852954305933676,
      0.002781170077741567,
      0.0031407933012594508,
      0.0030762679426948967,
      0.0032076026314336393,
      0.003192875234664556,
      0.0033770109089516264,
      0.0034490292062801975,
      0.003479594432978307,
      0.0034905122174140775,
      0.0037766079373338073,
      0.0037100682217724224,
      0.003929717872652714,
      0.0036413994469987215,
      0.003970527166647353,
      0.003943349267077532,
      0.0038904368666751606,
      0.004073190556424943,
      0.004455125012442928,
      0.004060881893167742,
      0.0043343079444703335
    ],
    "snapshot_path": "outputs_diode\\applied_field_0.080\\snapshot_Ic_plus.h5"
  },
  "diagnostics_minus": {
    "I": [
      0.0005,
      0.0013389830508474577,
      0.0021779661016949154,
      0.003016949152542373,
      0.003855932203389831,
      0.004694915254237288,
      0.005533898305084746,
      0.006372881355932204,
      0.007211864406779662,
      0.00805084745762712,
      0.008889830508474578,
      0.009728813559322036,
      0.010567796610169492,
      0.01140677966101695,
      0.012245762711864408,
      0.013084745762711866,
      0.013923728813559324,
      0.014762711864406782,
      0.01560169491525424,
      0.016440677966101696,
      0.017279661016949156,
      0.018118644067796612,
      0.01895762711864407,
      0.019796610169491528,
      0.020635593220338984,
      0.021474576271186444,
      0.0223135593220339,
      0.02315254237288136,
      0.023991525423728816,
      0.024830508474576275,
      0.02566949152542373,
      0.02650847457627119,
      0.027347457627118647,
      0.028186440677966104,
      0.029025423728813563,
      0.02986440677966102,
      0.03070338983050848,
      0.03154237288135593,
      0.03238135593220339,
      0.03322033898305085,
      0.03405932203389831,
      0.034898305084745763,
      0.03573728813559322,
      0.03657627118644068,
      0.03741525423728814,
      0.038254237288135595,
      0.039093220338983055,
      0.039932203389830515,
      0.04077118644067797,
      0.04161016949152543,
      0.04244915254237289,
      0.043288135593220346,
      0.0441271186440678,
      0.04496610169491526,
      0.04580508474576272,
      0.04664406779661018,
      0.04748305084745763,
      0.04832203389830509,
      0.04916101694915255,
      0.05
    ],
    "V": [
      1.4725906544448879e-05,
      1.6551142812212558e-05,
      0.0002214873143071556,
      0.00020012277305228224,
      0.00029015047762072935,
      0.0003858051258089693,
      0.00035187045745697346,
      0.0005407550438073303,
      0.0005683762125679757,
      0.0007856131197347425,
      0.0005964807803793484,
      0.0008783416280113281,
      0.000850293979472645,
      0.0009496713584610745,
      0.0009761339844016167,
      0.0011564568462066364,
      0.001065832052420007,
      0.0013556985267391022,
      0.001301532131316098,
      0.001581964495405937,
      0.0013732103855848964,
      0.0014279437929854049,
      0.0015852279073693674,
      0.0017445526180972998,
      0.0018907914191822511,
      0.0019030609885526916,
      0.0019885030078245925,
      0.0019354348781498662,
      0.0020766780469849582,
      0.002057233204993479,
      0.002244929743140639,
      0.0023411881504856497,
      0.002411468665831277,
      0.002541657653180839,
      0.0024901902610492497,
      0.0025842725863285693,
      0.002672713204730505,
      0.002663587269528604,
      0.002681213723534312,
      0.002982879595310723,
      0.0030615275062666697,
      0.0030067714115544473,
      0.003318438735911738,
      0.0032537993001829986,
      0.0031879428818170864,
      0.0032641101356096374,
      0.0032792943296912395,
      0.003491880958361864,
      0.00337433944999439,
      0.003594471631961805,
      0.0038030339721327987,
      0.0038404126670326276,
      0.003888816038012303,
      0.0037922827580216265,
      0.003942589584266536,
      0.004101643038205778,
      0.004050973939718503,
      0.004047551607563662,
      0.004267931100990762,
      0.0043998192594794155
    ],
    "snapshot_path": "outputs_diode\\applied_field_0.080\\snapshot_Ic_minus.h5"
  }
}