{
  "config": {
    "geometry": "notch",
    "wire_length": 8.0,
    "wire_width": 2.0,
    "notch_depth": 1.0,
    "notch_width": 1.0,
    "n_notches": 2,
    "applied_field": 0.02
  },
  "Ic_plus": 0.013923728813559324,
  "Ic_minus": 0.013084745762711866,
  "delta_Ic": 0.0008389830508474579,
  "diode_efficiency": 0.031063696266080965,
  "diagnostics_plus": {
    "I": [
      0.0005,
      0.0013389830508474577,
      0.0021779661016949154,
      0.003016949152542373,
      0.003855932203389831,
      0.004694915254237288,
      0.005533898305084746,
      0.006372881355932204,
      0.007211864406779662,
      0.00805084745762712,
      0.008889830508474578,
      0.009728813559322036,
      0.010567796610169492,
      0.01140677966101695,
      0.012245762711864408,
      0.013084745762711866,
      0.013923728813559324,
      0.014762711864406782,
      0.01560169491525424,
      0.016440677966101696,
      0.017279661016949156,
      0.018118644067796612,
      0.01895762711864407,
      0.019796610169491528,
      0.020635593220338984,
      0.021474576271186444,
      0.0223135593220339,
      0.02315254237288136,
      0.023991525423728816,
      0.024830508474576275,
      0.02566949152542373,
      0.02650847457627119,
      0.027347457627118647,
      0.028186440677966104,
      0.029025423728813563,
      0.02986440677966102,
      0.03070338983050848,
      0.03154237288135593,
      0.03238135593220339,
      0.03322033898305085,
      0.03405932203389831,
      0.034898305084745763,
      0.03573728813559322,
      0.03657627118644068,
      0.03741525423728814,
      0.038254237288135595,
      0.039093220338983055,
      0.039932203389830515,
      0.04077118644067797,
      0.04161016949152543,
      0.04244915254237289,
      0.043288135593220346,
      0.0441271186440678,
      0.04496610169491526,
      0.04580508474576272,
      0.04664406779661018,
      0.04748305084745763,
      0.04832203389830509,
      0.04916101694915255,
      0.05
    ],
    "V": [
      0.00018547407803083457,
      8.499814257185738e-06,
      0.00030820817487650285,
      0.00034086161098765774,
      0.00024506624444080576,
      0.0005339487150659005,
      0.00045321842140870304,
      0.0004789568740272691,
      0.0007318285697307856,
      0.0006824277275875601,
      0.0007007990596463881,
      0.0007789274880671457,
      0.0009315514332741267,
      0.0010228186715150246,
      0.0010143087425694094,
      0.0010226843207647256,
      0.0011920563643822819,
      0.00129038370362078,
      0.001424085668851286,
      0.001380623023756312,
      0.0016154819643966938,
      0.0015270703017030234,
      0.001541902393452954,
      0.0017602310719799076,
      0.0017952620729593466,
      0.0019084626132040757,
      0.001976237703248187,
      0.001911345770957892,
      0.002014809221052912,
      0.002168367244283328,
      0.002265062172292301,
      0.0023623474713614,
      0.0024877126289893484,
      0.0025375718297027667,
      0.0024762078569683533,
      0.002623831483355543,
      0.0026425403833884135,
      0.0025881537185463333,
      0.002941826551428956,
      0.0027806558606026633,
      0.003059818342357737,
      0.002958869108479822,
      0.003156400208707985,
      0.003080233061368101,
      0.0031905639950194583,
      0.0032638781411834282,
      0.003257837221916706,
      0.003455223744794463,
      0.0036410849250329193,
      0.003661350020073367,
      0.00352995624159313,
      0.0037403969400096634,
      0.003944798089870079,
      0.004035725649879485,
      0.003972784092658448,
      0.003920940352738682,
      0.004102320869887485,
      0.004177412032625991,
      0.004307605014331351,
      0.004391654356568922
    ],
    "snapshot_path": "outputs_diode\\applied_field_0.020\\snapshot_Ic_plus.h5"
  },
  "diagnostics_minus": {
    "I": [
      0.0005,
      0.0013389830508474577,
      0.0021779661016949154,
      0.003016949152542373,
      0.003855932203389831,
      0.004694915254237288,
      0.005533898305084746,
      0.006372881355932204,
      0.007211864406779662,
      0.00805084745762712,
      0.008889830508474578,
      0.009728813559322036,
      0.010567796610169492,
      0.01140677966101695,
      0.012245762711864408,
      0.013084745762711866,
      0.013923728813559324,
      0.014762711864406782,
      0.01560169491525424,
      0.016440677966101696,
      0.017279661016949156,
      0.018118644067796612,
      0.01895762711864407,
      0.019796610169491528,
      0.020635593220338984,
      0.021474576271186444,
      0.0223135593220339,
      0.02315254237288136,
      0.023991525423728816,
      0.024830508474576275,
      0.02566949152542373,
      0.02650847457627119,
      0.027347457627118647,
      0.028186440677966104,
      0.029025423728813563,
      0.02986440677966102,
      0.03070338983050848,
      0.03154237288135593,
      0.03238135593220339,
      0.03322033898305085,
      0.03405932203389831,
      0.034898305084745763,
      0.03573728813559322,
      0.03657627118644068,
      0.03741525423728814,
      0.038254237288135595,
      0.039093220338983055,
      0.039932203389830515,
      0.04077118644067797,
      0.04161016949152543,
      0.04244915254237289,
      0.043288135593220346,
      0.0441271186440678,
      0.04496610169491526,
      0.04580508474576272,
      0.04664406779661018,
      0.04748305084745763,
      0.04832203389830509,
      0.04916101694915255,
      0.05
    ],
    "V": [
      0.00011546975679896649,
      6.290093902436918e-05,
      0.0002904971522802165,
      0.00013793482297629915,
      0.00036741865100766656,
      0.0005443763358368574,
      0.0003325434781777373,
      0.0006484013995785298,
      0.0006132105243527438,
      0.0006681270085498568,
      0.000818629670637452,
      0.0007855347710722734,
      0.0008768969648452822,
      0.0008904084353500433,
      0.0010485898979931774,
      0.0011248140116477897,
      0.001165573330341079,
      0.0012243532857623028,
      0.0013589291195337614,
      0.0014967040801546019,
      0.0015133158530056688,
      0.0013921824815494065,
      0.0017428775027404498,
      0.0016861655300896923,
      0.0017072962508382806,
      0.0017654647778045192,
      0.0017699624497931508,
      0.0019464612126324483,
      0.0021949066635938495,
      0.0022304146257234414,
      0.002428809793858774,
      0.0022650817295415144,
      0.0022836911568815963,
      0.002327719411980241,
      0.002592814294796273,
      0.0027175635208839923,
      0.0027276616578349854,
      0.0027801695803333286,
      0.002699152319865558,
      0.002844084644420311,
      0.0030728165009591257,
      0.002962114571506366,
      0.0029718202207920613,
      0.003066566809660605,
      0.0032384049410936373,
      0.003277246169392356,
      0.0034573643995349478,
      0.003467174923695233,
      0.003429109498436541,
      0.0036179950321393434,
      0.003691423479336525,
      0.0036641126011651677,
      0.003633568184354062,
      0.003765685712563765,
      0.004090863522972453,
      0.0041752969948928515,
      0.004134111590825737,
      0.0041066509405630015,
      0.004332659656913145,
      0.0042937664613843865
    ],
    "snapshot_path": "outputs_diode\\applied_field_0.020\\snapshot_Ic_minus.h5"
  }
}